"Name","algorithm","alpha","epsilon","epsilon_decay","seed","Total_steps"
"sarsa_alpha0.43742594797580664_epsilon0.11368518671313088_epsilon_decay0.9375006981651955_seed10","sarsa","0.43742594797580664","0.11368518671313088","0.9375006981651955","10",""
"sarsa_alpha0.1628537111845806_epsilon0.010374437312715224_epsilon_decay0.9627065925265992_seed30","sarsa","0.1628537111845806","0.010374437312715224","0.9627065925265992","30","100"
"sarsa_alpha0.9322024640226896_epsilon0.07591551255251912_epsilon_decay0.9841809393413004_seed10","sarsa","0.9322024640226896","0.07591551255251912","0.9841809393413004","10","6"
"sarsa_alpha0.7982024003437453_epsilon0.15563836373443304_epsilon_decay0.9385821628789086_seed40","sarsa","0.7982024003437453","0.15563836373443304","0.9385821628789086","40","17"
"sarsa_alpha0.27549870661023196_epsilon0.15165076500557037_epsilon_decay0.9877156173282724_seed20","sarsa","0.27549870661023196","0.15165076500557037","0.9877156173282724","20","38"
"sarsa_alpha0.9836787322389894_epsilon0.028907041122365515_epsilon_decay0.9530921917332016_seed20","sarsa","0.9836787322389894","0.028907041122365515","0.9530921917332016","20","8"
"sarsa_alpha0.38967039380210206_epsilon0.02126160610961899_epsilon_decay0.9528848351269856_seed20","sarsa","0.38967039380210206","0.02126160610961899","0.9528848351269856","20","100"
"sarsa_alpha0.5833868498632236_epsilon0.11064701420002188_epsilon_decay0.9854358000384584_seed50","sarsa","0.5833868498632236","0.11064701420002188","0.9854358000384584","50","16"
"sarsa_alpha0.8450607574486312_epsilon0.06025342698731012_epsilon_decay0.9503104148688256_seed10","sarsa","0.8450607574486312","0.06025342698731012","0.9503104148688256","10","24"
"sarsa_alpha0.22309541861846688_epsilon0.09265110887771744_epsilon_decay0.9523475410502648_seed20","sarsa","0.22309541861846688","0.09265110887771744","0.9523475410502648","20","30"
"sarsa_alpha0.11868958444898788_epsilon0.033948253277668136_epsilon_decay0.971454300774547_seed30","sarsa","0.11868958444898788","0.033948253277668136","0.971454300774547","30","38"
"sarsa_alpha0.6533565466380732_epsilon0.040299002140781706_epsilon_decay0.9239382161330292_seed30","sarsa","0.6533565466380732","0.040299002140781706","0.9239382161330292","30","10"
"sarsa_alpha0.16975912537179613_epsilon0.02868731753063012_epsilon_decay0.9695134498784084_seed40","sarsa","0.16975912537179613","0.02868731753063012","0.9695134498784084","40","75"
"sarsa_alpha0.426391862619296_epsilon0.1998127251145943_epsilon_decay0.9313907393810904_seed40","sarsa","0.426391862619296","0.1998127251145943","0.9313907393810904","40","27"
"sarsa_alpha0.13093492580799895_epsilon0.1811533701780795_epsilon_decay0.9449909853102584_seed30","sarsa","0.13093492580799895","0.1811533701780795","0.9449909853102584","30","10"
"sarsa_alpha0.3122999348695176_epsilon0.017330889175853022_epsilon_decay0.9721410821037928_seed40","sarsa","0.3122999348695176","0.017330889175853022","0.9721410821037928","40","100"
"sarsa_alpha0.9296514979303112_epsilon0.06639229573949763_epsilon_decay0.9251284845930828_seed30","sarsa","0.9296514979303112","0.06639229573949763","0.9251284845930828","30","8"
"sarsa_alpha0.9512739140668052_epsilon0.04031057602587757_epsilon_decay0.9140529133926036_seed10","sarsa","0.9512739140668052","0.04031057602587757","0.9140529133926036","10","9"
"sarsa_alpha0.7821613764893671_epsilon0.076833077514905_epsilon_decay0.971976740701092_seed40","sarsa","0.7821613764893671","0.076833077514905","0.971976740701092","40","16"
"sarsa_alpha0.509984164366648_epsilon0.15727929104136967_epsilon_decay0.9765771349370052_seed30","sarsa","0.509984164366648","0.15727929104136967","0.9765771349370052","30","9"
"sarsa_alpha0.2956421767732475_epsilon0.04940899384129448_epsilon_decay0.9260394421738048_seed20","sarsa","0.2956421767732475","0.04940899384129448","0.9260394421738048","20","27"
"sarsa_alpha0.6902776778190298_epsilon0.024509935763468545_epsilon_decay0.9502826860429808_seed40","sarsa","0.6902776778190298","0.024509935763468545","0.9502826860429808","40","9"
"sarsa_alpha0.5770508553371032_epsilon0.03507690778275547_epsilon_decay0.9646176561160796_seed40","sarsa","0.5770508553371032","0.03507690778275547","0.9646176561160796","40","36"
"sarsa_alpha0.6555226219951252_epsilon0.06060669174458961_epsilon_decay0.9585259142596124_seed30","sarsa","0.6555226219951252","0.06060669174458961","0.9585259142596124","30","100"
"sarsa_alpha0.5529958158546601_epsilon0.16432214948953702_epsilon_decay0.97779779856709_seed20","sarsa","0.5529958158546601","0.16432214948953702","0.97779779856709","20","55"
"sarsa_alpha0.9664949183647266_epsilon0.03079182273252211_epsilon_decay0.9513903529564564_seed50","sarsa","0.9664949183647266","0.03079182273252211","0.9513903529564564","50","3"
"sarsa_alpha0.2010103246078394_epsilon0.01809460050344506_epsilon_decay0.914049494665024_seed50","sarsa","0.2010103246078394","0.01809460050344506","0.914049494665024","50","60"
"sarsa_alpha0.19215000375179525_epsilon0.03181332641581147_epsilon_decay0.977412725583392_seed30","sarsa","0.19215000375179525","0.03181332641581147","0.977412725583392","30","100"
"sarsa_alpha0.2114649061741876_epsilon0.12155652907302028_epsilon_decay0.9623986187657412_seed10","sarsa","0.2114649061741876","0.12155652907302028","0.9623986187657412","10","11"
"sarsa_alpha0.3726897810159545_epsilon0.02159827078033807_epsilon_decay0.958973662426208_seed40","sarsa","0.3726897810159545","0.02159827078033807","0.958973662426208","40","100"
"sarsa_alpha0.13579604380115817_epsilon0.12741749521455106_epsilon_decay0.9045063585924568_seed10","sarsa","0.13579604380115817","0.12741749521455106","0.9045063585924568","10","100"
"sarsa_alpha0.4093324095538846_epsilon0.015234829961246713_epsilon_decay0.9555409240921228_seed30","sarsa","0.4093324095538846","0.015234829961246713","0.9555409240921228","30","100"
"sarsa_alpha0.13190113272981968_epsilon0.02701192976444796_epsilon_decay0.914636766673272_seed40","sarsa","0.13190113272981968","0.02701192976444796","0.914636766673272","40","100"
"sarsa_alpha0.28713249112900646_epsilon0.02218052622034311_epsilon_decay0.9246522560787376_seed50","sarsa","0.28713249112900646","0.02218052622034311","0.9246522560787376","50","100"
"sarsa_alpha0.42249666469910674_epsilon0.027790703317073055_epsilon_decay0.9701883079170712_seed30","sarsa","0.42249666469910674","0.027790703317073055","0.9701883079170712","30","100"
"sarsa_alpha0.0843561651716643_epsilon0.1615816597202434_epsilon_decay0.9247865572240984_seed40","sarsa","0.0843561651716643","0.1615816597202434","0.9247865572240984","40","26"
"sarsa_alpha0.25325733112627524_epsilon0.011981174511314623_epsilon_decay0.952529791972806_seed20","sarsa","0.25325733112627524","0.011981174511314623","0.952529791972806","20","49"
"sarsa_alpha0.07569417367976888_epsilon0.18744523650426656_epsilon_decay0.925981147397928_seed30","sarsa","0.07569417367976888","0.18744523650426656","0.925981147397928","30","100"
"sarsa_alpha0.14316918183771526_epsilon0.0358569890032784_epsilon_decay0.9538069646111832_seed30","sarsa","0.14316918183771526","0.0358569890032784","0.9538069646111832","30","24"
"sarsa_alpha0.273640238290362_epsilon0.01027387270981618_epsilon_decay0.91488797065136_seed30","sarsa","0.273640238290362","0.01027387270981618","0.91488797065136","30","38"
"sarsa_alpha0.523866806088946_epsilon0.13075176044883322_epsilon_decay0.9338745521848572_seed40","sarsa","0.523866806088946","0.13075176044883322","0.9338745521848572","40","17"
"sarsa_alpha0.5821164690122971_epsilon0.0997593375640032_epsilon_decay0.92684716053871_seed50","sarsa","0.5821164690122971","0.0997593375640032","0.92684716053871","50","28"
"sarsa_alpha0.979566161849647_epsilon0.07726095998082663_epsilon_decay0.9444017701436436_seed30","sarsa","0.979566161849647","0.07726095998082663","0.9444017701436436","30","7"
"sarsa_alpha0.1403164795068406_epsilon0.0274151816043142_epsilon_decay0.981914448054698_seed40","sarsa","0.1403164795068406","0.0274151816043142","0.981914448054698","40","72"
"sarsa_alpha0.37752304988497853_epsilon0.08628961470435861_epsilon_decay0.960586287769008_seed40","sarsa","0.37752304988497853","0.08628961470435861","0.960586287769008","40","67"
"sarsa_alpha0.9615480729458946_epsilon0.021167543341223005_epsilon_decay0.9177781304758744_seed40","sarsa","0.9615480729458946","0.021167543341223005","0.9177781304758744","40","100"
"sarsa_alpha0.10593136666608698_epsilon0.030915727058535257_epsilon_decay0.9423579591403348_seed40","sarsa","0.10593136666608698","0.030915727058535257","0.9423579591403348","40","30"
"sarsa_alpha0.3347675034666941_epsilon0.09982584270428586_epsilon_decay0.9060441821819224_seed20","sarsa","0.3347675034666941","0.09982584270428586","0.9060441821819224","20","2"
"sarsa_alpha0.05450778716170143_epsilon0.05336366173742658_epsilon_decay0.9053079916834288_seed40","sarsa","0.05450778716170143","0.05336366173742658","0.9053079916834288","40","94"
"sarsa_alpha0.3860543196697877_epsilon0.03417993515801916_epsilon_decay0.9544523039215796_seed30","sarsa","0.3860543196697877","0.03417993515801916","0.9544523039215796","30","100"
"sarsa_alpha0.5238464731377138_epsilon0.029436591789068413_epsilon_decay0.9075269023369772_seed50","sarsa","0.5238464731377138","0.029436591789068413","0.9075269023369772","50","68"
"sarsa_alpha0.18077792410076077_epsilon0.013967650036326235_epsilon_decay0.932223500763493_seed40","sarsa","0.18077792410076077","0.013967650036326235","0.932223500763493","40","70"
"sarsa_alpha0.30304709656051715_epsilon0.01646312516240805_epsilon_decay0.9324021731530524_seed30","sarsa","0.30304709656051715","0.01646312516240805","0.9324021731530524","30","100"
"sarsa_alpha0.4366039430549888_epsilon0.03294746505374002_epsilon_decay0.964656930356561_seed40","sarsa","0.4366039430549888","0.03294746505374002","0.964656930356561","40","100"
"sarsa_alpha0.6492749149205266_epsilon0.15614708582745448_epsilon_decay0.9142236508378302_seed40","sarsa","0.6492749149205266","0.15614708582745448","0.9142236508378302","40","33"
"sarsa_alpha0.25506279688418515_epsilon0.1135197037728158_epsilon_decay0.9437791857972307_seed30","sarsa","0.25506279688418515","0.1135197037728158","0.9437791857972307","30","41"
"sarsa_alpha0.20579754746814116_epsilon0.14676282425902443_epsilon_decay0.921259448127792_seed30","sarsa","0.20579754746814116","0.14676282425902443","0.921259448127792","30","29"
"sarsa_alpha0.8554602138424413_epsilon0.1575833090499641_epsilon_decay0.9374229370688196_seed30","sarsa","0.8554602138424413","0.1575833090499641","0.9374229370688196","30","11"
"sarsa_alpha0.15630046139375683_epsilon0.056884157756876566_epsilon_decay0.914407198845696_seed40","sarsa","0.15630046139375683","0.056884157756876566","0.914407198845696","40","55"
"sarsa_alpha0.19083690352104013_epsilon0.026015539582150457_epsilon_decay0.9026872920666072_seed40","sarsa","0.19083690352104013","0.026015539582150457","0.9026872920666072","40","100"
"sarsa_alpha0.9005501626776576_epsilon0.01493445851141448_epsilon_decay0.9676267019391824_seed40","sarsa","0.9005501626776576","0.01493445851141448","0.9676267019391824","40","8"
"sarsa_alpha0.08212934849844353_epsilon0.027687463184756247_epsilon_decay0.9872189888937016_seed50","sarsa","0.08212934849844353","0.027687463184756247","0.9872189888937016","50","100"
"sarsa_alpha0.8971105916282267_epsilon0.18252566237291076_epsilon_decay0.946933025412888_seed10","sarsa","0.8971105916282267","0.18252566237291076","0.946933025412888","10","44"
"sarsa_alpha0.5525497405195012_epsilon0.02122416806948965_epsilon_decay0.981244292735295_seed30","sarsa","0.5525497405195012","0.02122416806948965","0.981244292735295","30","96"
"sarsa_alpha0.6261426556432472_epsilon0.1850104935187398_epsilon_decay0.9853868861097164_seed10","sarsa","0.6261426556432472","0.1850104935187398","0.9853868861097164","10","10"
"sarsa_alpha0.32627087157519363_epsilon0.09612833956882674_epsilon_decay0.9512937639237304_seed20","sarsa","0.32627087157519363","0.09612833956882674","0.9512937639237304","20","6"
"sarsa_alpha0.19207209422785015_epsilon0.09307828758304608_epsilon_decay0.961454991612888_seed40","sarsa","0.19207209422785015","0.09307828758304608","0.961454991612888","40","46"
"sarsa_alpha0.7826147596739038_epsilon0.030503096277650195_epsilon_decay0.9301473720878118_seed20","sarsa","0.7826147596739038","0.030503096277650195","0.9301473720878118","20","77"
"sarsa_alpha0.12666724546251282_epsilon0.029088385183363027_epsilon_decay0.9677366806840784_seed20","sarsa","0.12666724546251282","0.029088385183363027","0.9677366806840784","20","100"
"sarsa_alpha0.463703860104164_epsilon0.03952371735242968_epsilon_decay0.947878237067942_seed20","sarsa","0.463703860104164","0.03952371735242968","0.947878237067942","20","100"
"sarsa_alpha0.20741972073523576_epsilon0.07728324991133866_epsilon_decay0.9649633100407736_seed20","sarsa","0.20741972073523576","0.07728324991133866","0.9649633100407736","20","100"
"sarsa_alpha0.6449366241156969_epsilon0.13872614221919038_epsilon_decay0.977371031430301_seed40","sarsa","0.6449366241156969","0.13872614221919038","0.977371031430301","40","3"
"sarsa_alpha0.08446722644444259_epsilon0.15126842421970563_epsilon_decay0.900891841406333_seed10","sarsa","0.08446722644444259","0.15126842421970563","0.900891841406333","10","39"
"sarsa_alpha0.026512130990202897_epsilon0.09924092266728216_epsilon_decay0.9662614247269063_seed20","sarsa","0.026512130990202897","0.09924092266728216","0.9662614247269063","20","48"
"sarsa_alpha0.8272512982703338_epsilon0.14591199843653724_epsilon_decay0.983507734933436_seed50","sarsa","0.8272512982703338","0.14591199843653724","0.983507734933436","50","3"
"sarsa_alpha0.026074744748460815_epsilon0.145293502276935_epsilon_decay0.968979159919896_seed20","sarsa","0.026074744748460815","0.145293502276935","0.968979159919896","20","46"
"sarsa_alpha0.10318442779421325_epsilon0.14588571561330554_epsilon_decay0.9532845644404928_seed20","sarsa","0.10318442779421325","0.14588571561330554","0.9532845644404928","20","67"
"sarsa_alpha0.3352442108330113_epsilon0.04319434690614026_epsilon_decay0.9688266039194104_seed20","sarsa","0.3352442108330113","0.04319434690614026","0.9688266039194104","20","100"
"sarsa_alpha0.4051330466768095_epsilon0.12148686944379916_epsilon_decay0.965776833686254_seed10","sarsa","0.4051330466768095","0.12148686944379916","0.965776833686254","10","9"
"sarsa_alpha0.9565098753200798_epsilon0.11591207643220185_epsilon_decay0.98759453838593_seed10","sarsa","0.9565098753200798","0.11591207643220185","0.98759453838593","10","6"
"sarsa_alpha0.28358829581511136_epsilon0.12277613053372526_epsilon_decay0.9116620446770128_seed40","sarsa","0.28358829581511136","0.12277613053372526","0.9116620446770128","40","34"
"sarsa_alpha0.7886631417690034_epsilon0.16875849471410365_epsilon_decay0.909196815498728_seed30","sarsa","0.7886631417690034","0.16875849471410365","0.909196815498728","30","7"
"sarsa_alpha0.313286085363096_epsilon0.11803746794517005_epsilon_decay0.9408642190394202_seed40","sarsa","0.313286085363096","0.11803746794517005","0.9408642190394202","40","22"
"sarsa_alpha0.32029540976278575_epsilon0.05864228981263169_epsilon_decay0.9432842592302384_seed50","sarsa","0.32029540976278575","0.05864228981263169","0.9432842592302384","50","100"
"sarsa_alpha0.9629476627352236_epsilon0.1506068151765152_epsilon_decay0.9297779921160436_seed50","sarsa","0.9629476627352236","0.1506068151765152","0.9297779921160436","50","37"
"sarsa_alpha0.5798736227093626_epsilon0.028234992354634315_epsilon_decay0.907564291791254_seed10","sarsa","0.5798736227093626","0.028234992354634315","0.907564291791254","10","4"
"sarsa_alpha0.286599188610451_epsilon0.10979557586830574_epsilon_decay0.9210382668053636_seed20","sarsa","0.286599188610451","0.10979557586830574","0.9210382668053636","20","27"
"sarsa_alpha0.9360025577131204_epsilon0.06350246219511835_epsilon_decay0.9477373658427783_seed50","sarsa","0.9360025577131204","0.06350246219511835","0.9477373658427783","50","3"
"sarsa_alpha0.0965119300207987_epsilon0.17902538270234386_epsilon_decay0.9431105557842572_seed40","sarsa","0.0965119300207987","0.17902538270234386","0.9431105557842572","40","15"
"sarsa_alpha0.7654585499972774_epsilon0.02157343244926541_epsilon_decay0.9464012747532604_seed40","sarsa","0.7654585499972774","0.02157343244926541","0.9464012747532604","40","100"
"sarsa_alpha0.27582596716167235_epsilon0.03222740974978734_epsilon_decay0.921405532533208_seed10","sarsa","0.27582596716167235","0.03222740974978734","0.921405532533208","10","25"
"sarsa_alpha0.039832098447089_epsilon0.0705711075104407_epsilon_decay0.9196115082268368_seed50","sarsa","0.039832098447089","0.0705711075104407","0.9196115082268368","50","36"
"sarsa_alpha0.7859154109776088_epsilon0.12102382206948543_epsilon_decay0.9751847717034972_seed30","sarsa","0.7859154109776088","0.12102382206948543","0.9751847717034972","30","49"
"sarsa_alpha0.15797756899886006_epsilon0.09868708693880723_epsilon_decay0.9207028183868534_seed30","sarsa","0.15797756899886006","0.09868708693880723","0.9207028183868534","30","54"
"sarsa_alpha0.34121163760358325_epsilon0.012087691435272696_epsilon_decay0.9158278482559972_seed20","sarsa","0.34121163760358325","0.012087691435272696","0.9158278482559972","20","32"
"sarsa_alpha0.5612047493328817_epsilon0.1752343662411303_epsilon_decay0.9285133958226248_seed40","sarsa","0.5612047493328817","0.1752343662411303","0.9285133958226248","40","6"
"sarsa_alpha0.5113807837859577_epsilon0.13723852176510934_epsilon_decay0.9536041607567048_seed30","sarsa","0.5113807837859577","0.13723852176510934","0.9536041607567048","30","9"
"sarsa_alpha0.5876038275195542_epsilon0.04585853076902629_epsilon_decay0.930282763966275_seed50","sarsa","0.5876038275195542","0.04585853076902629","0.930282763966275","50","15"
"sarsa_alpha0.8597732678670242_epsilon0.1791552744316448_epsilon_decay0.9362208543655938_seed10","sarsa","0.8597732678670242","0.1791552744316448","0.9362208543655938","10","11"
"sarsa_alpha0.37560984584887896_epsilon0.18104813579141765_epsilon_decay0.9201035146973532_seed30","sarsa","0.37560984584887896","0.18104813579141765","0.9201035146973532","30","36"
"sarsa_alpha0.30387413640029465_epsilon0.17559344405416183_epsilon_decay0.9522675365977564_seed40","sarsa","0.30387413640029465","0.17559344405416183","0.9522675365977564","40","16"
"sarsa_alpha0.6108380865579982_epsilon0.17290631153933936_epsilon_decay0.9535695302512188_seed50","sarsa","0.6108380865579982","0.17290631153933936","0.9535695302512188","50","16"
"sarsa_alpha0.46228045259905143_epsilon0.1137908543662949_epsilon_decay0.9312162192573188_seed10","sarsa","0.46228045259905143","0.1137908543662949","0.9312162192573188","10","100"
"sarsa_alpha0.1658807589805272_epsilon0.08751040380946684_epsilon_decay0.90632007072258_seed10","sarsa","0.1658807589805272","0.08751040380946684","0.90632007072258","10","6"
"sarsa_alpha0.04949700321077903_epsilon0.0807009378891855_epsilon_decay0.9244343301557684_seed50","sarsa","0.04949700321077903","0.0807009378891855","0.9244343301557684","50","100"
"sarsa_alpha0.973666651697464_epsilon0.1852167559236176_epsilon_decay0.9037021386673832_seed50","sarsa","0.973666651697464","0.1852167559236176","0.9037021386673832","50","8"
"sarsa_alpha0.6565783920879248_epsilon0.19254271418519903_epsilon_decay0.9396108380611295_seed50","sarsa","0.6565783920879248","0.19254271418519903","0.9396108380611295","50","20"
"sarsa_alpha0.9525644835456984_epsilon0.06659613500950586_epsilon_decay0.9019761400630358_seed10","sarsa","0.9525644835456984","0.06659613500950586","0.9019761400630358","10","22"
"sarsa_alpha0.2642074128624569_epsilon0.06930896378424951_epsilon_decay0.9244750911805402_seed10","sarsa","0.2642074128624569","0.06930896378424951","0.9244750911805402","10","100"
"sarsa_alpha0.8782101573534938_epsilon0.15772403312915428_epsilon_decay0.912439475850366_seed50","sarsa","0.8782101573534938","0.15772403312915428","0.912439475850366","50","9"
"sarsa_alpha0.5414985707026017_epsilon0.03355898005032269_epsilon_decay0.9557609645409147_seed50","sarsa","0.5414985707026017","0.03355898005032269","0.9557609645409147","50","5"
"sarsa_alpha0.3949079966151288_epsilon0.018315714744715807_epsilon_decay0.940209163130172_seed20","sarsa","0.3949079966151288","0.018315714744715807","0.940209163130172","20","100"
"sarsa_alpha0.47381587388557617_epsilon0.14450924770580886_epsilon_decay0.9181159499476088_seed20","sarsa","0.47381587388557617","0.14450924770580886","0.9181159499476088","20","62"
"sarsa_alpha0.09318697188510228_epsilon0.026064083400286292_epsilon_decay0.9323361634277816_seed50","sarsa","0.09318697188510228","0.026064083400286292","0.9323361634277816","50","100"
"sarsa_alpha0.750500020383304_epsilon0.18055826104147368_epsilon_decay0.9103800215907624_seed30","sarsa","0.750500020383304","0.18055826104147368","0.9103800215907624","30","10"
"sarsa_alpha0.12707055080583549_epsilon0.1810454750905076_epsilon_decay0.9716646985770676_seed20","sarsa","0.12707055080583549","0.1810454750905076","0.9716646985770676","20","28"
"sarsa_alpha0.8919249620399106_epsilon0.012363084014899332_epsilon_decay0.923504431167801_seed20","sarsa","0.8919249620399106","0.012363084014899332","0.923504431167801","20","4"
"sarsa_alpha0.7400753970535193_epsilon0.11199299177217124_epsilon_decay0.906773171499756_seed40","sarsa","0.7400753970535193","0.11199299177217124","0.906773171499756","40","100"
"sarsa_alpha0.08111551919998214_epsilon0.19728486780422305_epsilon_decay0.9879582143517922_seed20","sarsa","0.08111551919998214","0.19728486780422305","0.9879582143517922","20","16"
"sarsa_alpha0.17544924020206532_epsilon0.023721298532469536_epsilon_decay0.9174873099986895_seed20","sarsa","0.17544924020206532","0.023721298532469536","0.9174873099986895","20","100"
"sarsa_alpha0.8816301001727934_epsilon0.16525614343637443_epsilon_decay0.9840986967939128_seed30","sarsa","0.8816301001727934","0.16525614343637443","0.9840986967939128","30","24"
"sarsa_alpha0.7141996477462826_epsilon0.07403223817012397_epsilon_decay0.9696674787901008_seed50","sarsa","0.7141996477462826","0.07403223817012397","0.9696674787901008","50","16"
"sarsa_alpha0.46569419146054153_epsilon0.147010275769362_epsilon_decay0.9889820395945442_seed30","sarsa","0.46569419146054153","0.147010275769362","0.9889820395945442","30","7"
"sarsa_alpha0.4095431933779302_epsilon0.14381795005209969_epsilon_decay0.9108420465639092_seed10","sarsa","0.4095431933779302","0.14381795005209969","0.9108420465639092","10","22"
"sarsa_alpha0.9293476299930448_epsilon0.04248225769617241_epsilon_decay0.9708070856914848_seed20","sarsa","0.9293476299930448","0.04248225769617241","0.9708070856914848","20","32"
"sarsa_alpha0.9126928000478788_epsilon0.059474995892061615_epsilon_decay0.9731999143039348_seed20","sarsa","0.9126928000478788","0.059474995892061615","0.9731999143039348","20","40"
"sarsa_alpha0.1038212863267181_epsilon0.10070907863375517_epsilon_decay0.9789247667006756_seed40","sarsa","0.1038212863267181","0.10070907863375517","0.9789247667006756","40","16"
"sarsa_alpha0.8416594868840213_epsilon0.09880045043568254_epsilon_decay0.9632332830262264_seed20","sarsa","0.8416594868840213","0.09880045043568254","0.9632332830262264","20","18"
"sarsa_alpha0.7926890743562416_epsilon0.14484093223172825_epsilon_decay0.9869520810331932_seed50","sarsa","0.7926890743562416","0.14484093223172825","0.9869520810331932","50","18"
"sarsa_alpha0.5698296095342738_epsilon0.1887622907809351_epsilon_decay0.902681911457831_seed20","sarsa","0.5698296095342738","0.1887622907809351","0.902681911457831","20","2"
"sarsa_alpha0.45208819136872114_epsilon0.1172307746053969_epsilon_decay0.9058348979500976_seed10","sarsa","0.45208819136872114","0.1172307746053969","0.9058348979500976","10","10"
"sarsa_alpha0.4377892491209849_epsilon0.051114338495093746_epsilon_decay0.9089154234468128_seed30","sarsa","0.4377892491209849","0.051114338495093746","0.9089154234468128","30","63"
"sarsa_alpha0.6691074627297504_epsilon0.07973214447741232_epsilon_decay0.9185905654055756_seed10","sarsa","0.6691074627297504","0.07973214447741232","0.9185905654055756","10","10"
"sarsa_alpha0.8443367779502343_epsilon0.18014477449196328_epsilon_decay0.9685625130970082_seed50","sarsa","0.8443367779502343","0.18014477449196328","0.9685625130970082","50","13"
"sarsa_alpha0.1702287874330826_epsilon0.19317104541752136_epsilon_decay0.9250129376131262_seed50","sarsa","0.1702287874330826","0.19317104541752136","0.9250129376131262","50","12"
"sarsa_alpha0.207207104228253_epsilon0.028276544712519298_epsilon_decay0.971522906905771_seed10","sarsa","0.207207104228253","0.028276544712519298","0.971522906905771","10","44"
"sarsa_alpha0.6107720134454893_epsilon0.07504800389638702_epsilon_decay0.9352921405215108_seed20","sarsa","0.6107720134454893","0.07504800389638702","0.9352921405215108","20","30"
"sarsa_alpha0.23555049246080748_epsilon0.11434000630285772_epsilon_decay0.9249693718113726_seed10","sarsa","0.23555049246080748","0.11434000630285772","0.9249693718113726","10","10"
"sarsa_alpha0.7271867043732007_epsilon0.1964426651286419_epsilon_decay0.9217477748627227_seed30","sarsa","0.7271867043732007","0.1964426651286419","0.9217477748627227","30","22"
"sarsa_alpha0.06248357431039202_epsilon0.023131015115414953_epsilon_decay0.9656051055203068_seed30","sarsa","0.06248357431039202","0.023131015115414953","0.9656051055203068","30","100"
"sarsa_alpha0.6196206006523963_epsilon0.1843003931773467_epsilon_decay0.9052022079141584_seed40","sarsa","0.6196206006523963","0.1843003931773467","0.9052022079141584","40","6"
"sarsa_alpha0.5189223320698889_epsilon0.08233240621971663_epsilon_decay0.9404929225261356_seed30","sarsa","0.5189223320698889","0.08233240621971663","0.9404929225261356","30","8"
"sarsa_alpha0.05144524417930306_epsilon0.06680951839675088_epsilon_decay0.9834086792382576_seed10","sarsa","0.05144524417930306","0.06680951839675088","0.9834086792382576","10","100"
"sarsa_alpha0.9053377479941748_epsilon0.181095254286971_epsilon_decay0.9049224018503492_seed20","sarsa","0.9053377479941748","0.181095254286971","0.9049224018503492","20","6"
"sarsa_alpha0.8752490361784656_epsilon0.1138505514040726_epsilon_decay0.9590205122228562_seed30","sarsa","0.8752490361784656","0.1138505514040726","0.9590205122228562","30","7"
"sarsa_alpha0.5553492937738793_epsilon0.09143735481147282_epsilon_decay0.9894128943656_seed40","sarsa","0.5553492937738793","0.09143735481147282","0.9894128943656","40","9"
"sarsa_alpha0.2752918598423951_epsilon0.062250907569802415_epsilon_decay0.9444372082457996_seed10","sarsa","0.2752918598423951","0.062250907569802415","0.9444372082457996","10","62"
"sarsa_alpha0.7443356299328879_epsilon0.05186823019582373_epsilon_decay0.9776163343297876_seed20","sarsa","0.7443356299328879","0.05186823019582373","0.9776163343297876","20","76"
"sarsa_alpha0.367384603765715_epsilon0.1823610524384896_epsilon_decay0.9621636443871612_seed30","sarsa","0.367384603765715","0.1823610524384896","0.9621636443871612","30","35"
"sarsa_alpha0.26053172433690314_epsilon0.08918903344700743_epsilon_decay0.9673376521756442_seed20","sarsa","0.26053172433690314","0.08918903344700743","0.9673376521756442","20","41"
"sarsa_alpha0.158828248518852_epsilon0.15525104210494353_epsilon_decay0.9482360404800876_seed10","sarsa","0.158828248518852","0.15525104210494353","0.9482360404800876","10","68"
"sarsa_alpha0.0920749190884564_epsilon0.09245897228946404_epsilon_decay0.9249230378022848_seed30","sarsa","0.0920749190884564","0.09245897228946404","0.9249230378022848","30","39"
"sarsa_alpha0.25706718052431154_epsilon0.10257737907550814_epsilon_decay0.9719800898966402_seed20","sarsa","0.25706718052431154","0.10257737907550814","0.9719800898966402","20","40"
"sarsa_alpha0.7576839221555579_epsilon0.09665413068331943_epsilon_decay0.9853272875011062_seed50","sarsa","0.7576839221555579","0.09665413068331943","0.9853272875011062","50","3"
"sarsa_alpha0.9561160522710276_epsilon0.15141365771693005_epsilon_decay0.9301248579396564_seed40","sarsa","0.9561160522710276","0.15141365771693005","0.9301248579396564","40","6"
"sarsa_alpha0.5115381960242297_epsilon0.19491524855519032_epsilon_decay0.914131936850022_seed30","sarsa","0.5115381960242297","0.19491524855519032","0.914131936850022","30","7"
"sarsa_alpha0.5518909413579118_epsilon0.14968081252625107_epsilon_decay0.9663730181183218_seed40","sarsa","0.5518909413579118","0.14968081252625107","0.9663730181183218","40","17"
"sarsa_alpha0.07452109271698011_epsilon0.016901820633078393_epsilon_decay0.9846566180109736_seed40","sarsa","0.07452109271698011","0.016901820633078393","0.9846566180109736","40","40"
"sarsa_alpha0.0748200492950297_epsilon0.018512297815545767_epsilon_decay0.9847083803115824_seed40","sarsa","0.0748200492950297","0.018512297815545767","0.9847083803115824","40","100"
"sarsa_alpha0.4286394447954148_epsilon0.033730203908252814_epsilon_decay0.988080588878984_seed40","sarsa","0.4286394447954148","0.033730203908252814","0.988080588878984","40","72"
"sarsa_alpha0.4298189589020513_epsilon0.05107064790857583_epsilon_decay0.9760416618565692_seed30","sarsa","0.4298189589020513","0.05107064790857583","0.9760416618565692","30","41"
"sarsa_alpha0.36728198409176654_epsilon0.047459201315223354_epsilon_decay0.9861039648010692_seed30","sarsa","0.36728198409176654","0.047459201315223354","0.9861039648010692","30","66"
"sarsa_alpha0.4100489043540864_epsilon0.1373602159891774_epsilon_decay0.9417061345321648_seed20","sarsa","0.4100489043540864","0.1373602159891774","0.9417061345321648","20","8"
"sarsa_alpha0.6385619441916321_epsilon0.0958042695025563_epsilon_decay0.9833355876901512_seed20","sarsa","0.6385619441916321","0.0958042695025563","0.9833355876901512","20","10"
"sarsa_alpha0.3927932561361298_epsilon0.11656138392164156_epsilon_decay0.924988302610373_seed20","sarsa","0.3927932561361298","0.11656138392164156","0.924988302610373","20","19"
"sarsa_alpha0.04761409975677327_epsilon0.1300432341330013_epsilon_decay0.971187219760298_seed50","sarsa","0.04761409975677327","0.1300432341330013","0.971187219760298","50","2"