"Name","algorithm","alpha","seed","tau","tau_decay","Total_steps"
"q_learning_alpha0.21994983135954363_tau2.745805656912458_tau_decay0.9831957848716733_seed50","q_learning","0.21994983135954363","50","2.745805656912458","0.9831957848716733",""
"q_learning_alpha0.6905645645868179_tau2.1691554936918553_tau_decay0.9023854916543114_seed10","q_learning","0.6905645645868179","10","2.1691554936918553","0.9023854916543114","9"
"q_learning_alpha0.4713181140333423_tau3.966882144471968_tau_decay0.9801385350320976_seed10","q_learning","0.4713181140333423","10","3.966882144471968","0.9801385350320976","15"
"q_learning_alpha0.7580749634226025_tau0.8303702152516914_tau_decay0.9731855352644396_seed40","q_learning","0.7580749634226025","40","0.8303702152516914","0.9731855352644396","15"
"q_learning_alpha0.08783785644109816_tau2.8100835003398137_tau_decay0.9365435075036164_seed30","q_learning","0.08783785644109816","30","2.8100835003398137","0.9365435075036164","3"
"q_learning_alpha0.321466139647694_tau1.1628731485657628_tau_decay0.9200721295898934_seed50","q_learning","0.321466139647694","50","1.1628731485657628","0.9200721295898934","6"
"q_learning_alpha0.19494744795197969_tau1.42338890951069_tau_decay0.9130048377294716_seed40","q_learning","0.19494744795197969","40","1.42338890951069","0.9130048377294716","8"
"q_learning_alpha0.8998410244180788_tau0.7406526972245113_tau_decay0.9852294207429964_seed50","q_learning","0.8998410244180788","50","0.7406526972245113","0.9852294207429964","8"
"q_learning_alpha0.2172590948557896_tau0.9933180323167788_tau_decay0.9878188598137004_seed40","q_learning","0.2172590948557896","40","0.9933180323167788","0.9878188598137004","9"
"q_learning_alpha0.14172229020379662_tau3.5266207947008437_tau_decay0.908635528559914_seed30","q_learning","0.14172229020379662","30","3.5266207947008437","0.908635528559914","10"
"q_learning_alpha0.6328799284114941_tau2.688042742078094_tau_decay0.9084192066875436_seed50","q_learning","0.6328799284114941","50","2.688042742078094","0.9084192066875436","3"
"q_learning_alpha0.3241818280693225_tau3.836517971900301_tau_decay0.9527085148684944_seed50","q_learning","0.3241818280693225","50","3.836517971900301","0.9527085148684944","3"
"q_learning_alpha0.8559938301392855_tau1.424372879195222_tau_decay0.9664968976725536_seed10","q_learning","0.8559938301392855","10","1.424372879195222","0.9664968976725536","3"
"q_learning_alpha0.6862921667620085_tau1.792701407553585_tau_decay0.9323404084496308_seed30","q_learning","0.6862921667620085","30","1.792701407553585","0.9323404084496308","9"
"q_learning_alpha0.5400129848937056_tau1.5083055488986692_tau_decay0.9461963958451418_seed30","q_learning","0.5400129848937056","30","1.5083055488986692","0.9461963958451418","2"
"q_learning_alpha0.209926500382438_tau3.62900839930906_tau_decay0.9670107042975824_seed10","q_learning","0.209926500382438","10","3.62900839930906","0.9670107042975824","10"
"q_learning_alpha0.5499838348188556_tau1.5273957740048183_tau_decay0.978636675749978_seed50","q_learning","0.5499838348188556","50","1.5273957740048183","0.978636675749978","8"
"q_learning_alpha0.4679484889621471_tau3.7745875059855183_tau_decay0.9507963637045124_seed40","q_learning","0.4679484889621471","40","3.7745875059855183","0.9507963637045124","9"
"q_learning_alpha0.3511983875794082_tau3.2740607432167894_tau_decay0.9004025678737979_seed20","q_learning","0.3511983875794082","20","3.2740607432167894","0.9004025678737979","6"
"q_learning_alpha0.4858754646871454_tau1.5060294084926205_tau_decay0.9515144552168509_seed20","q_learning","0.4858754646871454","20","1.5060294084926205","0.9515144552168509","7"
"q_learning_alpha0.1581515920768913_tau2.1235113175262077_tau_decay0.964514219051026_seed10","q_learning","0.1581515920768913","10","2.1235113175262077","0.964514219051026","2"
"q_learning_alpha0.9343844819620878_tau3.237962005282755_tau_decay0.97098485802904_seed40","q_learning","0.9343844819620878","40","3.237962005282755","0.97098485802904","6"
"q_learning_alpha0.7518520812091767_tau0.5363552949625725_tau_decay0.9291158439210316_seed10","q_learning","0.7518520812091767","10","0.5363552949625725","0.9291158439210316","60"
"q_learning_alpha0.39785870738542095_tau1.0598170323570844_tau_decay0.9320147001705972_seed20","q_learning","0.39785870738542095","20","1.0598170323570844","0.9320147001705972","3"
"q_learning_alpha0.35839163359779086_tau2.9894505304187886_tau_decay0.948706543385178_seed10","q_learning","0.35839163359779086","10","2.9894505304187886","0.948706543385178","3"
"q_learning_alpha0.09552683333436096_tau1.7253562881026232_tau_decay0.9601396422369866_seed40","q_learning","0.09552683333436096","40","1.7253562881026232","0.9601396422369866","10"
"q_learning_alpha0.9910135039564582_tau2.0494771049545486_tau_decay0.934078850645717_seed30","q_learning","0.9910135039564582","30","2.0494771049545486","0.934078850645717","13"
"q_learning_alpha0.9313985205721028_tau3.1150698100218492_tau_decay0.913439020437651_seed20","q_learning","0.9313985205721028","20","3.1150698100218492","0.913439020437651","2"
"q_learning_alpha0.1505895307725354_tau1.0309990107974822_tau_decay0.96515484680753_seed10","q_learning","0.1505895307725354","10","1.0309990107974822","0.96515484680753","4"
"q_learning_alpha0.12497141219604382_tau0.8832988606791474_tau_decay0.943269784153907_seed30","q_learning","0.12497141219604382","30","0.8832988606791474","0.943269784153907","6"
"q_learning_alpha0.7306302996841368_tau2.6094979988252938_tau_decay0.9262323643848926_seed50","q_learning","0.7306302996841368","50","2.6094979988252938","0.9262323643848926","8"
"q_learning_alpha0.38533475945425977_tau2.0761840171854056_tau_decay0.953936230812649_seed30","q_learning","0.38533475945425977","30","2.0761840171854056","0.953936230812649","2"
"q_learning_alpha0.5031705911778102_tau1.4450492139699849_tau_decay0.9896058445232608_seed40","q_learning","0.5031705911778102","40","1.4450492139699849","0.9896058445232608","2"
"q_learning_alpha0.07987693116422416_tau1.7966151805081296_tau_decay0.9172675120905712_seed20","q_learning","0.07987693116422416","20","1.7966151805081296","0.9172675120905712","4"
"q_learning_alpha0.8948241538942322_tau1.8085272097139584_tau_decay0.9124879402045394_seed10","q_learning","0.8948241538942322","10","1.8085272097139584","0.9124879402045394","20"
"q_learning_alpha0.901196338511854_tau2.447182436819457_tau_decay0.9026671214694332_seed30","q_learning","0.901196338511854","30","2.447182436819457","0.9026671214694332","3"
"q_learning_alpha0.4676625170560175_tau2.862947992744151_tau_decay0.9562706588273344_seed40","q_learning","0.4676625170560175","40","2.862947992744151","0.9562706588273344","4"
"q_learning_alpha0.33983188343917553_tau1.6750943672489798_tau_decay0.9750691125832406_seed20","q_learning","0.33983188343917553","20","1.6750943672489798","0.9750691125832406","10"
"q_learning_alpha0.675602902673228_tau3.824215460815776_tau_decay0.9437090228219168_seed20","q_learning","0.675602902673228","20","3.824215460815776","0.9437090228219168","3"
"q_learning_alpha0.9587599955258514_tau1.5437440666277755_tau_decay0.9292143520344136_seed50","q_learning","0.9587599955258514","50","1.5437440666277755","0.9292143520344136","5"
"q_learning_alpha0.6792425418695255_tau3.908452083111325_tau_decay0.9145416582470174_seed30","q_learning","0.6792425418695255","30","3.908452083111325","0.9145416582470174","4"
"q_learning_alpha0.5365107037569388_tau2.4491452350238356_tau_decay0.9522077622801046_seed10","q_learning","0.5365107037569388","10","2.4491452350238356","0.9522077622801046","9"
"q_learning_alpha0.8374462403551608_tau2.5726096661924536_tau_decay0.9677381791161124_seed40","q_learning","0.8374462403551608","40","2.5726096661924536","0.9677381791161124","6"
"q_learning_alpha0.3329086257814642_tau2.380764652855188_tau_decay0.9080055692336216_seed30","q_learning","0.3329086257814642","30","2.380764652855188","0.9080055692336216","2"
"q_learning_alpha0.07485031251080657_tau1.2867153713785735_tau_decay0.9243844661642204_seed40","q_learning","0.07485031251080657","40","1.2867153713785735","0.9243844661642204","4"
"q_learning_alpha0.5224876907233734_tau1.5527897948522194_tau_decay0.9410995806462232_seed30","q_learning","0.5224876907233734","30","1.5527897948522194","0.9410995806462232","4"
"q_learning_alpha0.4506693332092436_tau3.1052047896642323_tau_decay0.9805838917231716_seed30","q_learning","0.4506693332092436","30","3.1052047896642323","0.9805838917231716","3"
"q_learning_alpha0.6593618393590126_tau2.266555314662697_tau_decay0.9172382187955904_seed20","q_learning","0.6593618393590126","20","2.266555314662697","0.9172382187955904","6"
"q_learning_alpha0.1698658392973857_tau2.563895464848959_tau_decay0.9019873309154968_seed40","q_learning","0.1698658392973857","40","2.563895464848959","0.9019873309154968","3"
"q_learning_alpha0.6892772566235775_tau1.8461009788504408_tau_decay0.9413254692873814_seed20","q_learning","0.6892772566235775","20","1.8461009788504408","0.9413254692873814","4"
"q_learning_alpha0.8885762581491862_tau3.5789758836810055_tau_decay0.9537334853787774_seed10","q_learning","0.8885762581491862","10","3.5789758836810055","0.9537334853787774","3"
"q_learning_alpha0.7658978523463144_tau2.6688007864734633_tau_decay0.9797038063182476_seed30","q_learning","0.7658978523463144","30","2.6688007864734633","0.9797038063182476","5"
"q_learning_alpha0.6469845411366989_tau2.166682431260258_tau_decay0.9051051004845218_seed40","q_learning","0.6469845411366989","40","2.166682431260258","0.9051051004845218","14"
"q_learning_alpha0.8958686817386989_tau1.4998507361747342_tau_decay0.9297160294900492_seed10","q_learning","0.8958686817386989","10","1.4998507361747342","0.9297160294900492","4"
"q_learning_alpha0.9351507528573764_tau2.3805851931287116_tau_decay0.9867279784547848_seed40","q_learning","0.9351507528573764","40","2.3805851931287116","0.9867279784547848","3"
"q_learning_alpha0.2047738556898465_tau2.321189870094845_tau_decay0.9082138694616748_seed10","q_learning","0.2047738556898465","10","2.321189870094845","0.9082138694616748","10"
"q_learning_alpha0.9165068474554314_tau3.658776300578894_tau_decay0.9257462050044536_seed30","q_learning","0.9165068474554314","30","3.658776300578894","0.9257462050044536","13"
"q_learning_alpha0.5470711472989951_tau1.2434072764304436_tau_decay0.9135149677001428_seed20","q_learning","0.5470711472989951","20","1.2434072764304436","0.9135149677001428","11"
"q_learning_alpha0.4251023508984087_tau1.2640880478558056_tau_decay0.9459536637734608_seed20","q_learning","0.4251023508984087","20","1.2640880478558056","0.9459536637734608","8"
"q_learning_alpha0.10719792647177862_tau2.7986915133038908_tau_decay0.9337878409238702_seed10","q_learning","0.10719792647177862","10","2.7986915133038908","0.9337878409238702","12"
"q_learning_alpha0.8671605423934909_tau3.506518757210913_tau_decay0.9469389884107432_seed10","q_learning","0.8671605423934909","10","3.506518757210913","0.9469389884107432","4"
"q_learning_alpha0.19688001335536637_tau2.1244639817241517_tau_decay0.9663054767344352_seed20","q_learning","0.19688001335536637","20","2.1244639817241517","0.9663054767344352","2"
"q_learning_alpha0.527047325353821_tau2.5068462001590928_tau_decay0.9650402177795084_seed20","q_learning","0.527047325353821","20","2.5068462001590928","0.9650402177795084","2"
"q_learning_alpha0.12153592192626074_tau2.2522549639400724_tau_decay0.9682121617706771_seed20","q_learning","0.12153592192626074","20","2.2522549639400724","0.9682121617706771","6"
"q_learning_alpha0.18853926286327327_tau1.4128081903096672_tau_decay0.9378165140736684_seed10","q_learning","0.18853926286327327","10","1.4128081903096672","0.9378165140736684","10"
"q_learning_alpha0.7375414171213961_tau2.242605356220091_tau_decay0.9804212519595698_seed40","q_learning","0.7375414171213961","40","2.242605356220091","0.9804212519595698","3"
"q_learning_alpha0.9329195094219964_tau3.6252986155322984_tau_decay0.9805493839491408_seed10","q_learning","0.9329195094219964","10","3.6252986155322984","0.9805493839491408","3"
"q_learning_alpha0.9473559394357988_tau2.469931611006626_tau_decay0.9810272205678656_seed10","q_learning","0.9473559394357988","10","2.469931611006626","0.9810272205678656","15"
"q_learning_alpha0.026836152837955936_tau3.572301983558865_tau_decay0.9209326767786336_seed30","q_learning","0.026836152837955936","30","3.572301983558865","0.9209326767786336","9"
"q_learning_alpha0.3333319334136805_tau1.959499513619054_tau_decay0.9541666626591094_seed10","q_learning","0.3333319334136805","10","1.959499513619054","0.9541666626591094","3"
"q_learning_alpha0.5279421386245323_tau2.577117181287426_tau_decay0.931165312053546_seed20","q_learning","0.5279421386245323","20","2.577117181287426","0.931165312053546","2"
"q_learning_alpha0.03244430346205138_tau2.171593410967882_tau_decay0.9768250816386762_seed50","q_learning","0.03244430346205138","50","2.171593410967882","0.9768250816386762","2"
"q_learning_alpha0.5756725732281046_tau0.7520218434864377_tau_decay0.9035115294149864_seed30","q_learning","0.5756725732281046","30","0.7520218434864377","0.9035115294149864","5"
"q_learning_alpha0.2836053071303399_tau1.624891295756738_tau_decay0.9049291170767176_seed20","q_learning","0.2836053071303399","20","1.624891295756738","0.9049291170767176","3"
"q_learning_alpha0.68275891282393_tau2.1236966901773267_tau_decay0.9101356111968122_seed40","q_learning","0.68275891282393","40","2.1236966901773267","0.9101356111968122","4"
"q_learning_alpha0.505898169062942_tau3.0970934766521294_tau_decay0.9468414432948976_seed40","q_learning","0.505898169062942","40","3.0970934766521294","0.9468414432948976","6"
"q_learning_alpha0.1932373031421225_tau2.77454358203982_tau_decay0.9340626769046356_seed10","q_learning","0.1932373031421225","10","2.77454358203982","0.9340626769046356","9"
"q_learning_alpha0.12156508651909811_tau3.739661275998445_tau_decay0.9532183694482016_seed40","q_learning","0.12156508651909811","40","3.739661275998445","0.9532183694482016","6"
"q_learning_alpha0.33171798340264824_tau0.7732243432921618_tau_decay0.9711447673604836_seed30","q_learning","0.33171798340264824","30","0.7732243432921618","0.9711447673604836","13"
"q_learning_alpha0.4860459642439941_tau1.5960129571727877_tau_decay0.9485965135814096_seed20","q_learning","0.4860459642439941","20","1.5960129571727877","0.9485965135814096","12"
"q_learning_alpha0.8580399987606299_tau1.7930117434303194_tau_decay0.9587316415538676_seed50","q_learning","0.8580399987606299","50","1.7930117434303194","0.9587316415538676","3"
"q_learning_alpha0.3222255497601999_tau1.0822049015379904_tau_decay0.9535139494547452_seed50","q_learning","0.3222255497601999","50","1.0822049015379904","0.9535139494547452","27"
"q_learning_alpha0.8276326162177914_tau1.3810382133952477_tau_decay0.9579286550504608_seed40","q_learning","0.8276326162177914","40","1.3810382133952477","0.9579286550504608","4"
"q_learning_alpha0.5479010591466882_tau3.722184152378901_tau_decay0.965231531779025_seed20","q_learning","0.5479010591466882","20","3.722184152378901","0.965231531779025","4"
"q_learning_alpha0.11302170758940654_tau0.7717620054439982_tau_decay0.968222492278844_seed10","q_learning","0.11302170758940654","10","0.7717620054439982","0.968222492278844","7"
"q_learning_alpha0.8898916033067882_tau3.4266763451424582_tau_decay0.9870632590576572_seed10","q_learning","0.8898916033067882","10","3.4266763451424582","0.9870632590576572","13"
"q_learning_alpha0.8096241494586565_tau3.407582348962759_tau_decay0.9415126696588714_seed20","q_learning","0.8096241494586565","20","3.407582348962759","0.9415126696588714","17"
"q_learning_alpha0.25116103173491_tau2.7881362112557597_tau_decay0.943193392698674_seed40","q_learning","0.25116103173491","40","2.7881362112557597","0.943193392698674","15"
"q_learning_alpha0.7093449245972615_tau3.911997720054862_tau_decay0.9374063606372144_seed10","q_learning","0.7093449245972615","10","3.911997720054862","0.9374063606372144","7"
"q_learning_alpha0.7473737415499363_tau3.080414410389877_tau_decay0.922365111681396_seed50","q_learning","0.7473737415499363","50","3.080414410389877","0.922365111681396","2"
"q_learning_alpha0.8897795494153872_tau3.388560600039612_tau_decay0.9556852604707896_seed30","q_learning","0.8897795494153872","30","3.388560600039612","0.9556852604707896","8"
"q_learning_alpha0.8466404754353956_tau2.6409014779087547_tau_decay0.9228143723940284_seed30","q_learning","0.8466404754353956","30","2.6409014779087547","0.9228143723940284","9"
"q_learning_alpha0.044209840338014325_tau1.835086438581424_tau_decay0.9508513870951664_seed20","q_learning","0.044209840338014325","20","1.835086438581424","0.9508513870951664","8"
"q_learning_alpha0.3813891498272009_tau0.764271029122622_tau_decay0.969192507345318_seed50","q_learning","0.3813891498272009","50","0.764271029122622","0.969192507345318","26"
"q_learning_alpha0.2083474091269823_tau1.3583586536413574_tau_decay0.9560871174933244_seed10","q_learning","0.2083474091269823","10","1.3583586536413574","0.9560871174933244","3"
"q_learning_alpha0.619675867413924_tau3.703542691983152_tau_decay0.9264753410134888_seed50","q_learning","0.619675867413924","50","3.703542691983152","0.9264753410134888","2"
"q_learning_alpha0.5816921043021905_tau2.054293479974307_tau_decay0.9033066330622672_seed40","q_learning","0.5816921043021905","40","2.054293479974307","0.9033066330622672","9"
"q_learning_alpha0.6601336205628895_tau1.111273700684227_tau_decay0.9203154724268284_seed40","q_learning","0.6601336205628895","40","1.111273700684227","0.9203154724268284","20"
"q_learning_alpha0.9601259862714392_tau1.5727383760383082_tau_decay0.9062748549398368_seed30","q_learning","0.9601259862714392","30","1.5727383760383082","0.9062748549398368","10"
"q_learning_alpha0.8549496062394619_tau0.8897995398783412_tau_decay0.9259961164258262_seed40","q_learning","0.8549496062394619","40","0.8897995398783412","0.9259961164258262","46"
"q_learning_alpha0.2603424858106919_tau3.853962451964284_tau_decay0.9062421009458944_seed50","q_learning","0.2603424858106919","50","3.853962451964284","0.9062421009458944","23"
"q_learning_alpha0.4131855600121029_tau0.8237930303543055_tau_decay0.9370024151246306_seed40","q_learning","0.4131855600121029","40","0.8237930303543055","0.9370024151246306","60"
"q_learning_alpha0.12244843222254648_tau2.305396780893047_tau_decay0.9830314617473038_seed40","q_learning","0.12244843222254648","40","2.305396780893047","0.9830314617473038","3"
"q_learning_alpha0.4495336261352368_tau2.154226651439966_tau_decay0.926649578512692_seed40","q_learning","0.4495336261352368","40","2.154226651439966","0.926649578512692","19"
"q_learning_alpha0.6720718979573499_tau1.478888718684274_tau_decay0.9601545794670204_seed10","q_learning","0.6720718979573499","10","1.478888718684274","0.9601545794670204","33"
"q_learning_alpha0.9781530071330444_tau2.863762722361028_tau_decay0.9584950708284172_seed30","q_learning","0.9781530071330444","30","2.863762722361028","0.9584950708284172","5"
"q_learning_alpha0.9578551664655122_tau3.8489019174204486_tau_decay0.9069414081873703_seed40","q_learning","0.9578551664655122","40","3.8489019174204486","0.9069414081873703","4"
"q_learning_alpha0.27183256488038354_tau3.433303031505434_tau_decay0.9457877380403616_seed30","q_learning","0.27183256488038354","30","3.433303031505434","0.9457877380403616","9"
"q_learning_alpha0.06153665772205041_tau1.9603407106969069_tau_decay0.9180350913611562_seed50","q_learning","0.06153665772205041","50","1.9603407106969069","0.9180350913611562","5"
"q_learning_alpha0.4795424649193784_tau3.153852437570785_tau_decay0.921714829946174_seed20","q_learning","0.4795424649193784","20","3.153852437570785","0.921714829946174","16"
"q_learning_alpha0.4712052545815452_tau3.167565872500427_tau_decay0.9610645885026584_seed20","q_learning","0.4712052545815452","20","3.167565872500427","0.9610645885026584","4"
"q_learning_alpha0.5425317897914579_tau1.5883140875289006_tau_decay0.9709922843008596_seed30","q_learning","0.5425317897914579","30","1.5883140875289006","0.9709922843008596","6"
"q_learning_alpha0.010601426977954465_tau2.551490200542055_tau_decay0.945449413186928_seed40","q_learning","0.010601426977954465","40","2.551490200542055","0.945449413186928","12"
"q_learning_alpha0.9917904545057616_tau2.0622020413815108_tau_decay0.915323972803798_seed30","q_learning","0.9917904545057616","30","2.0622020413815108","0.915323972803798","21"
"q_learning_alpha0.8280001052039623_tau1.0698384397928613_tau_decay0.9399773240150548_seed20","q_learning","0.8280001052039623","20","1.0698384397928613","0.9399773240150548","11"
"q_learning_alpha0.20753804572771503_tau1.5743078358356746_tau_decay0.9175403279326584_seed20","q_learning","0.20753804572771503","20","1.5743078358356746","0.9175403279326584","7"
"q_learning_alpha0.6190774124927957_tau2.856043033727236_tau_decay0.9128880715109716_seed50","q_learning","0.6190774124927957","50","2.856043033727236","0.9128880715109716","5"
"q_learning_alpha0.927016794076605_tau2.6750102310054413_tau_decay0.9591292660383856_seed20","q_learning","0.927016794076605","20","2.6750102310054413","0.9591292660383856","2"
"q_learning_alpha0.8556566817961443_tau0.9987058815267916_tau_decay0.9211456333132602_seed20","q_learning","0.8556566817961443","20","0.9987058815267916","0.9211456333132602","4"
"q_learning_alpha0.8840241750396896_tau1.610425738237084_tau_decay0.9060401514826498_seed50","q_learning","0.8840241750396896","50","1.610425738237084","0.9060401514826498","2"
"q_learning_alpha0.9173799112579032_tau3.234144853738175_tau_decay0.9301298465146752_seed40","q_learning","0.9173799112579032","40","3.234144853738175","0.9301298465146752","8"
"q_learning_alpha0.962871855335879_tau0.9003288793864581_tau_decay0.9366958810940184_seed50","q_learning","0.962871855335879","50","0.9003288793864581","0.9366958810940184","29"
"q_learning_alpha0.5977704574265892_tau2.26721177012202_tau_decay0.9388380354173256_seed10","q_learning","0.5977704574265892","10","2.26721177012202","0.9388380354173256","13"
"q_learning_alpha0.9018626024631784_tau0.7866189292368583_tau_decay0.9743440504937096_seed40","q_learning","0.9018626024631784","40","0.7866189292368583","0.9743440504937096","4"
"q_learning_alpha0.8808976117102846_tau2.9204277128378195_tau_decay0.9672480509339836_seed50","q_learning","0.8808976117102846","50","2.9204277128378195","0.9672480509339836","6"
"q_learning_alpha0.8888716476476886_tau0.6840467411457973_tau_decay0.9536861820890108_seed50","q_learning","0.8888716476476886","50","0.6840467411457973","0.9536861820890108","7"
"q_learning_alpha0.45337687058043413_tau2.12155530438437_tau_decay0.9467917058584088_seed30","q_learning","0.45337687058043413","30","2.12155530438437","0.9467917058584088","7"
"q_learning_alpha0.6694088477358354_tau3.7111083379932_tau_decay0.9314354073640684_seed40","q_learning","0.6694088477358354","40","3.7111083379932","0.9314354073640684","8"
"q_learning_alpha0.5386652973542196_tau2.065246393950564_tau_decay0.9861150673801806_seed20","q_learning","0.5386652973542196","20","2.065246393950564","0.9861150673801806","4"
"q_learning_alpha0.9165634051908766_tau1.2950201610751175_tau_decay0.9488440181636766_seed50","q_learning","0.9165634051908766","50","1.2950201610751175","0.9488440181636766","7"
"q_learning_alpha0.5694062954180085_tau1.251226106605671_tau_decay0.9145293080488756_seed50","q_learning","0.5694062954180085","50","1.251226106605671","0.9145293080488756","23"
"q_learning_alpha0.6604356645950371_tau0.7223497522822806_tau_decay0.9730384719193702_seed50","q_learning","0.6604356645950371","50","0.7223497522822806","0.9730384719193702","4"
"q_learning_alpha0.332676209499428_tau2.5840499931849132_tau_decay0.9437099029697708_seed10","q_learning","0.332676209499428","10","2.5840499931849132","0.9437099029697708","9"
"q_learning_alpha0.5918736990975659_tau0.7292458128464026_tau_decay0.9885895893560528_seed50","q_learning","0.5918736990975659","50","0.7292458128464026","0.9885895893560528","11"
"q_learning_alpha0.32659528110158054_tau3.630537918679413_tau_decay0.910572002689989_seed30","q_learning","0.32659528110158054","30","3.630537918679413","0.910572002689989","11"
"q_learning_alpha0.08825747768003393_tau2.181074399346456_tau_decay0.9535720741691152_seed10","q_learning","0.08825747768003393","10","2.181074399346456","0.9535720741691152","7"
"q_learning_alpha0.26609594378511536_tau3.6269117177415766_tau_decay0.9818008970630542_seed20","q_learning","0.26609594378511536","20","3.6269117177415766","0.9818008970630542","7"
"q_learning_alpha0.6382245418934578_tau0.9816303173605674_tau_decay0.9190303733580032_seed40","q_learning","0.6382245418934578","40","0.9816303173605674","0.9190303733580032","5"
"q_learning_alpha0.9882646344768554_tau0.7882129259018392_tau_decay0.9027129126813178_seed40","q_learning","0.9882646344768554","40","0.7882129259018392","0.9027129126813178","22"
"q_learning_alpha0.5547459437717054_tau1.876662600388497_tau_decay0.9047037447336852_seed30","q_learning","0.5547459437717054","30","1.876662600388497","0.9047037447336852","2"
"q_learning_alpha0.8934445563278436_tau3.924385286527595_tau_decay0.9784111609732112_seed30","q_learning","0.8934445563278436","30","3.924385286527595","0.9784111609732112","4"
"q_learning_alpha0.27088056490740453_tau2.232067944514154_tau_decay0.9667414931196888_seed40","q_learning","0.27088056490740453","40","2.232067944514154","0.9667414931196888","7"
"q_learning_alpha0.07168560310703102_tau2.108505279092422_tau_decay0.9089884650770176_seed20","q_learning","0.07168560310703102","20","2.108505279092422","0.9089884650770176","8"
"q_learning_alpha0.45258959516235303_tau2.1803548777866055_tau_decay0.9084239708324844_seed10","q_learning","0.45258959516235303","10","2.1803548777866055","0.9084239708324844","2"
"q_learning_alpha0.7264909599536551_tau1.6018704183844577_tau_decay0.9844062126273552_seed20","q_learning","0.7264909599536551","20","1.6018704183844577","0.9844062126273552","8"
"q_learning_alpha0.6269205534473409_tau2.692263868191872_tau_decay0.9248469080070288_seed40","q_learning","0.6269205534473409","40","2.692263868191872","0.9248469080070288","8"
"q_learning_alpha0.5290513697148194_tau3.5557302153291253_tau_decay0.9252042842104854_seed40","q_learning","0.5290513697148194","40","3.5557302153291253","0.9252042842104854","9"
"q_learning_alpha0.44111999718321354_tau0.9971744934844896_tau_decay0.9123346122100324_seed30","q_learning","0.44111999718321354","30","0.9971744934844896","0.9123346122100324","17"
"q_learning_alpha0.33628240097275_tau0.5046414638766555_tau_decay0.9529053062699424_seed50","q_learning","0.33628240097275","50","0.5046414638766555","0.9529053062699424","8"
"q_learning_alpha0.8576491722927719_tau3.9649159054788217_tau_decay0.9344218913451042_seed20","q_learning","0.8576491722927719","20","3.9649159054788217","0.9344218913451042","13"
"q_learning_alpha0.31812498300260544_tau1.0513977577156268_tau_decay0.9290784068302432_seed30","q_learning","0.31812498300260544","30","1.0513977577156268","0.9290784068302432","9"
"q_learning_alpha0.5684218211104974_tau1.5582892550827032_tau_decay0.9488669553477306_seed40","q_learning","0.5684218211104974","40","1.5582892550827032","0.9488669553477306","5"
"q_learning_alpha0.6477838837890776_tau2.983187577303548_tau_decay0.9750783017466218_seed40","q_learning","0.6477838837890776","40","2.983187577303548","0.9750783017466218","2"
"q_learning_alpha0.33633870535559257_tau1.510304517331599_tau_decay0.9583617900067334_seed30","q_learning","0.33633870535559257","30","1.510304517331599","0.9583617900067334","5"
"q_learning_alpha0.351906645642897_tau0.6991434743444719_tau_decay0.9695700648987288_seed10","q_learning","0.351906645642897","10","0.6991434743444719","0.9695700648987288","8"
"q_learning_alpha0.5301387335844734_tau0.8847264663960392_tau_decay0.9438000248820324_seed30","q_learning","0.5301387335844734","30","0.8847264663960392","0.9438000248820324","3"
"q_learning_alpha0.34241498582334895_tau0.6174445309218161_tau_decay0.949684198134716_seed30","q_learning","0.34241498582334895","30","0.6174445309218161","0.949684198134716","6"
"q_learning_alpha0.7011869781866997_tau1.0638782734964198_tau_decay0.910542009127182_seed30","q_learning","0.7011869781866997","30","1.0638782734964198","0.910542009127182","4"
"q_learning_alpha0.06822844194086229_tau1.5097529409148511_tau_decay0.9798654786602424_seed30","q_learning","0.06822844194086229","30","1.5097529409148511","0.9798654786602424","5"
"q_learning_alpha0.955866941303926_tau0.8931572935953951_tau_decay0.918948613809536_seed50","q_learning","0.955866941303926","50","0.8931572935953951","0.918948613809536","12"
"q_learning_alpha0.24084030699273656_tau1.1667774481183018_tau_decay0.9676487884561236_seed40","q_learning","0.24084030699273656","40","1.1667774481183018","0.9676487884561236","2"
"q_learning_alpha0.4111177397555962_tau1.7406117000318069_tau_decay0.9246435195111972_seed10","q_learning","0.4111177397555962","10","1.7406117000318069","0.9246435195111972","4"
"q_learning_alpha0.34446632670394745_tau2.702595374715134_tau_decay0.9327728873181728_seed40","q_learning","0.34446632670394745","40","2.702595374715134","0.9327728873181728","3"
"q_learning_alpha0.542468899342248_tau2.0509351533191875_tau_decay0.9679538016808108_seed50","q_learning","0.542468899342248","50","2.0509351533191875","0.9679538016808108","3"
"q_learning_alpha0.9613871255371448_tau1.913586256300092_tau_decay0.925913883748752_seed10","q_learning","0.9613871255371448","10","1.913586256300092","0.925913883748752","3"
"q_learning_alpha0.1601472070845012_tau0.7760075672999556_tau_decay0.9651578970234708_seed30","q_learning","0.1601472070845012","30","0.7760075672999556","0.9651578970234708","16"
"q_learning_alpha0.713288550454795_tau2.698622192406724_tau_decay0.9513846668725816_seed30","q_learning","0.713288550454795","30","2.698622192406724","0.9513846668725816","8"
"q_learning_alpha0.7516309926475728_tau3.824227818185136_tau_decay0.9060189954804564_seed10","q_learning","0.7516309926475728","10","3.824227818185136","0.9060189954804564","13"
"q_learning_alpha0.4729994647915746_tau1.4009536431675025_tau_decay0.9004185430626626_seed20","q_learning","0.4729994647915746","20","1.4009536431675025","0.9004185430626626","9"
"q_learning_alpha0.736918419462206_tau1.7770050725003477_tau_decay0.91999536964439_seed30","q_learning","0.736918419462206","30","1.7770050725003477","0.91999536964439","23"
"q_learning_alpha0.473540640259685_tau0.6298991700650536_tau_decay0.9527499518848874_seed10","q_learning","0.473540640259685","10","0.6298991700650536","0.9527499518848874","3"
"q_learning_alpha0.5631774762199526_tau2.801923874522845_tau_decay0.939276939148677_seed20","q_learning","0.5631774762199526","20","2.801923874522845","0.939276939148677","2"
"q_learning_alpha0.2612687322863398_tau2.117839454469256_tau_decay0.9756761275081788_seed40","q_learning","0.2612687322863398","40","2.117839454469256","0.9756761275081788","2"
"q_learning_alpha0.15405398078218474_tau1.3708510632533664_tau_decay0.969556423973776_seed10","q_learning","0.15405398078218474","10","1.3708510632533664","0.969556423973776","2"
"q_learning_alpha0.7714686933221451_tau3.944900383627849_tau_decay0.9630302524396348_seed30","q_learning","0.7714686933221451","30","3.944900383627849","0.9630302524396348","4"
"q_learning_alpha0.09219838086644316_tau2.919724987335689_tau_decay0.959751361086599_seed10","q_learning","0.09219838086644316","10","2.919724987335689","0.959751361086599","2"
"q_learning_alpha0.8733174328314596_tau3.050844567111443_tau_decay0.9173008946526152_seed50","q_learning","0.8733174328314596","50","3.050844567111443","0.9173008946526152","4"
"q_learning_alpha0.6022474572028158_tau1.7131685977911504_tau_decay0.9117448610642754_seed50","q_learning","0.6022474572028158","50","1.7131685977911504","0.9117448610642754","5"
"q_learning_alpha0.41411907406774606_tau1.4299236081358435_tau_decay0.9353884251156878_seed20","q_learning","0.41411907406774606","20","1.4299236081358435","0.9353884251156878","10"
"q_learning_alpha0.27033645234033515_tau0.5081821638781632_tau_decay0.9050642440328888_seed20","q_learning","0.27033645234033515","20","0.5081821638781632","0.9050642440328888","26"
"q_learning_alpha0.8296862622793392_tau1.9941124524002565_tau_decay0.9242412333088744_seed30","q_learning","0.8296862622793392","30","1.9941124524002565","0.9242412333088744","8"
"q_learning_alpha0.4419462635012174_tau3.244815647271585_tau_decay0.938720028400904_seed50","q_learning","0.4419462635012174","50","3.244815647271585","0.938720028400904","4"
"q_learning_alpha0.6138338837433506_tau2.692987446405331_tau_decay0.9672985697121902_seed20","q_learning","0.6138338837433506","20","2.692987446405331","0.9672985697121902","7"
"q_learning_alpha0.013347798862975015_tau0.7866760766272347_tau_decay0.9747555836505416_seed10","q_learning","0.013347798862975015","10","0.7866760766272347","0.9747555836505416","20"
"q_learning_alpha0.07886475499136425_tau3.2661062803155927_tau_decay0.9824411466553932_seed30","q_learning","0.07886475499136425","30","3.2661062803155927","0.9824411466553932","5"
"q_learning_alpha0.5204448255147082_tau0.8637689563165566_tau_decay0.9178956152835748_seed20","q_learning","0.5204448255147082","20","0.8637689563165566","0.9178956152835748","6"
"q_learning_alpha0.20891732073140623_tau0.8471578664831912_tau_decay0.9826632011269408_seed50","q_learning","0.20891732073140623","50","0.8471578664831912","0.9826632011269408","5"
"q_learning_alpha0.9726174619493992_tau2.621917501217915_tau_decay0.9012482146209584_seed10","q_learning","0.9726174619493992","10","2.621917501217915","0.9012482146209584","2"
"q_learning_alpha0.8579765593589469_tau3.095656998740203_tau_decay0.9349382481324836_seed50","q_learning","0.8579765593589469","50","3.095656998740203","0.9349382481324836","3"
"q_learning_alpha0.523484255600364_tau2.3564788368474012_tau_decay0.936464864034447_seed30","q_learning","0.523484255600364","30","2.3564788368474012","0.936464864034447","3"
"q_learning_alpha0.3001331166286799_tau2.2176858204800647_tau_decay0.9362276507948704_seed40","q_learning","0.3001331166286799","40","2.2176858204800647","0.9362276507948704","9"
"q_learning_alpha0.1721492369022196_tau1.2655155512096723_tau_decay0.9775948251163212_seed50","q_learning","0.1721492369022196","50","1.2655155512096723","0.9775948251163212","7"
"q_learning_alpha0.25008735130177173_tau0.6633228612519453_tau_decay0.9704077209010668_seed30","q_learning","0.25008735130177173","30","0.6633228612519453","0.9704077209010668","58"
"q_learning_alpha0.8232302621953791_tau2.9780947994348357_tau_decay0.909347817098921_seed50","q_learning","0.8232302621953791","50","2.9780947994348357","0.909347817098921","6"
"q_learning_alpha0.8640645796749487_tau0.740905605957894_tau_decay0.9205345387261094_seed30","q_learning","0.8640645796749487","30","0.740905605957894","0.9205345387261094","18"
"q_learning_alpha0.6064086463476618_tau0.9107442772070076_tau_decay0.9422785957670916_seed40","q_learning","0.6064086463476618","40","0.9107442772070076","0.9422785957670916","5"
"q_learning_alpha0.4114851891927141_tau1.3517155479026974_tau_decay0.9246167431548508_seed40","q_learning","0.4114851891927141","40","1.3517155479026974","0.9246167431548508","6"
"q_learning_alpha0.5749530117444496_tau2.2356053349814236_tau_decay0.9744834232287192_seed50","q_learning","0.5749530117444496","50","2.2356053349814236","0.9744834232287192","4"
"q_learning_alpha0.11698922220708996_tau3.9826304087885527_tau_decay0.9845307517407248_seed20","q_learning","0.11698922220708996","20","3.9826304087885527","0.9845307517407248","4"
"q_learning_alpha0.24695951275008823_tau2.7645929135255596_tau_decay0.9502938236615012_seed40","q_learning","0.24695951275008823","40","2.7645929135255596","0.9502938236615012","4"
"q_learning_alpha0.5952680172104697_tau2.712409229721663_tau_decay0.9436464511502576_seed20","q_learning","0.5952680172104697","20","2.712409229721663","0.9436464511502576","3"
"q_learning_alpha0.6265869781521614_tau0.7017059291942007_tau_decay0.9793065344196598_seed40","q_learning","0.6265869781521614","40","0.7017059291942007","0.9793065344196598","45"
"q_learning_alpha0.49389689324355385_tau0.8577853531187707_tau_decay0.9898444868237208_seed50","q_learning","0.49389689324355385","50","0.8577853531187707","0.9898444868237208","4"
"q_learning_alpha0.3906609942349155_tau1.207831219479418_tau_decay0.9611996878268784_seed50","q_learning","0.3906609942349155","50","1.207831219479418","0.9611996878268784","9"
"q_learning_alpha0.3398232876124935_tau3.122862583097858_tau_decay0.949306886546054_seed50","q_learning","0.3398232876124935","50","3.122862583097858","0.949306886546054","3"
"q_learning_alpha0.6413826581319525_tau1.5307993369004558_tau_decay0.924378507961323_seed20","q_learning","0.6413826581319525","20","1.5307993369004558","0.924378507961323","4"
"q_learning_alpha0.3862678480237543_tau3.5207873258414626_tau_decay0.94559530113166_seed30","q_learning","0.3862678480237543","30","3.5207873258414626","0.94559530113166","4"
"q_learning_alpha0.28140600143438754_tau3.0804861344102_tau_decay0.9187881926532212_seed40","q_learning","0.28140600143438754","40","3.0804861344102","0.9187881926532212","6"
"q_learning_alpha0.1382797952645892_tau3.444763982625055_tau_decay0.9760770629110525_seed50","q_learning","0.1382797952645892","50","3.444763982625055","0.9760770629110525","3"
"q_learning_alpha0.7011677008212828_tau3.2398671613928567_tau_decay0.9337168605863948_seed40","q_learning","0.7011677008212828","40","3.2398671613928567","0.9337168605863948","3"
"q_learning_alpha0.34235245124926683_tau1.214952537438483_tau_decay0.9178005245877648_seed40","q_learning","0.34235245124926683","40","1.214952537438483","0.9178005245877648","3"
"q_learning_alpha0.7447073918007961_tau1.3615653496448654_tau_decay0.9780742293517511_seed50","q_learning","0.7447073918007961","50","1.3615653496448654","0.9780742293517511","12"
"q_learning_alpha0.98279955948051_tau2.336272347775066_tau_decay0.9536528179932312_seed20","q_learning","0.98279955948051","20","2.336272347775066","0.9536528179932312","4"
"q_learning_alpha0.3785704650258622_tau1.5963023280149675_tau_decay0.9713817491357872_seed40","q_learning","0.3785704650258622","40","1.5963023280149675","0.9713817491357872","11"
"q_learning_alpha0.6169471317509502_tau1.410781212606346_tau_decay0.909339408031652_seed40","q_learning","0.6169471317509502","40","1.410781212606346","0.909339408031652","3"
"q_learning_alpha0.17776931693924328_tau0.7842506377287398_tau_decay0.946600704427363_seed10","q_learning","0.17776931693924328","10","0.7842506377287398","0.946600704427363","9"
"q_learning_alpha0.8946664784320987_tau1.6975829953038333_tau_decay0.9094831549755532_seed40","q_learning","0.8946664784320987","40","1.6975829953038333","0.9094831549755532","27"
"q_learning_alpha0.5267212043211257_tau2.2847264335425974_tau_decay0.9551511718328818_seed30","q_learning","0.5267212043211257","30","2.2847264335425974","0.9551511718328818","3"
"q_learning_alpha0.6397136451027895_tau0.7985389089162431_tau_decay0.9672207444222668_seed30","q_learning","0.6397136451027895","30","0.7985389089162431","0.9672207444222668","7"
"q_learning_alpha0.8266159195122129_tau2.618671597629735_tau_decay0.96249516920261_seed40","q_learning","0.8266159195122129","40","2.618671597629735","0.96249516920261","6"
"q_learning_alpha0.6158238768367406_tau1.0617850802322164_tau_decay0.9237628232006544_seed50","q_learning","0.6158238768367406","50","1.0617850802322164","0.9237628232006544","5"
"q_learning_alpha0.034331519040302204_tau2.7514355557009136_tau_decay0.9464733125359676_seed30","q_learning","0.034331519040302204","30","2.7514355557009136","0.9464733125359676","15"
"q_learning_alpha0.0609148096647786_tau2.79356275687706_tau_decay0.918556216945036_seed20","q_learning","0.0609148096647786","20","2.79356275687706","0.918556216945036","4"
"q_learning_alpha0.8081917563693424_tau0.8339016934275885_tau_decay0.9294756742465178_seed20","q_learning","0.8081917563693424","20","0.8339016934275885","0.9294756742465178","2"
"q_learning_alpha0.08597522446842491_tau2.4609929002999507_tau_decay0.9854315754876752_seed10","q_learning","0.08597522446842491","10","2.4609929002999507","0.9854315754876752","2"
"q_learning_alpha0.3314273409129858_tau0.9280939226907516_tau_decay0.9374611803305092_seed10","q_learning","0.3314273409129858","10","0.9280939226907516","0.9374611803305092","10"
"q_learning_alpha0.9755284783430574_tau1.1745702093910475_tau_decay0.9852757168941836_seed20","q_learning","0.9755284783430574","20","1.1745702093910475","0.9852757168941836","2"
"q_learning_alpha0.34344975950196116_tau1.8748673067270996_tau_decay0.9368261941407424_seed30","q_learning","0.34344975950196116","30","1.8748673067270996","0.9368261941407424","2"
"q_learning_alpha0.38374883915233754_tau2.2613994198841114_tau_decay0.9876716697060332_seed20","q_learning","0.38374883915233754","20","2.2613994198841114","0.9876716697060332","2"
"q_learning_alpha0.9993830509136268_tau1.7842874313831325_tau_decay0.9844196422166704_seed40","q_learning","0.9993830509136268","40","1.7842874313831325","0.9844196422166704","5"
"q_learning_alpha0.2049516002458409_tau2.16749195534797_tau_decay0.9783168686250788_seed50","q_learning","0.2049516002458409","50","2.16749195534797","0.9783168686250788","2"
"q_learning_alpha0.8467390761631115_tau1.6247330023978626_tau_decay0.9221374195392034_seed50","q_learning","0.8467390761631115","50","1.6247330023978626","0.9221374195392034","16"
"q_learning_alpha0.6244035184654172_tau1.027702929808783_tau_decay0.97892312015878_seed50","q_learning","0.6244035184654172","50","1.027702929808783","0.97892312015878","4"
"q_learning_alpha0.1957199258454607_tau1.1190043727915338_tau_decay0.916710867578588_seed50","q_learning","0.1957199258454607","50","1.1190043727915338","0.916710867578588","11"
"q_learning_alpha0.1890561637380699_tau3.981748798306298_tau_decay0.930045983448209_seed50","q_learning","0.1890561637380699","50","3.981748798306298","0.930045983448209","4"
"q_learning_alpha0.24009815238758075_tau1.301564082633622_tau_decay0.9706904700423457_seed40","q_learning","0.24009815238758075","40","1.301564082633622","0.9706904700423457","4"
"q_learning_alpha0.1690582773702435_tau2.6001416914946427_tau_decay0.9532666824470112_seed20","q_learning","0.1690582773702435","20","2.6001416914946427","0.9532666824470112","26"
"q_learning_alpha0.28885580777356096_tau1.2257274058066996_tau_decay0.960248680009312_seed20","q_learning","0.28885580777356096","20","1.2257274058066996","0.960248680009312","23"
"q_learning_alpha0.1498952716889188_tau2.1095767660602007_tau_decay0.9117695630854388_seed20","q_learning","0.1498952716889188","20","2.1095767660602007","0.9117695630854388","11"
"q_learning_alpha0.2032484520279093_tau3.1751424627390743_tau_decay0.9627698746183032_seed30","q_learning","0.2032484520279093","30","3.1751424627390743","0.9627698746183032","4"
"q_learning_alpha0.041447364847498246_tau2.956296960592753_tau_decay0.972870998803501_seed20","q_learning","0.041447364847498246","20","2.956296960592753","0.972870998803501","14"
"q_learning_alpha0.29471699716599614_tau2.8557598401962494_tau_decay0.9811589048583848_seed30","q_learning","0.29471699716599614","30","2.8557598401962494","0.9811589048583848","8"
"q_learning_alpha0.6188614062027668_tau0.8802947317560155_tau_decay0.9430038537411002_seed30","q_learning","0.6188614062027668","30","0.8802947317560155","0.9430038537411002","10"
"q_learning_alpha0.6649840615969774_tau3.2049588716832726_tau_decay0.976874232804762_seed50","q_learning","0.6649840615969774","50","3.2049588716832726","0.976874232804762","2"
"q_learning_alpha0.5045832809463019_tau1.7692020231094177_tau_decay0.9293436444434244_seed30","q_learning","0.5045832809463019","30","1.7692020231094177","0.9293436444434244","6"
"q_learning_alpha0.8902047972760176_tau2.529484631137007_tau_decay0.9096534013827898_seed40","q_learning","0.8902047972760176","40","2.529484631137007","0.9096534013827898","7"
"q_learning_alpha0.3580124683205433_tau2.698364309963756_tau_decay0.9090076857982288_seed40","q_learning","0.3580124683205433","40","2.698364309963756","0.9090076857982288","3"
"q_learning_alpha0.4904761626473107_tau3.1948907459087157_tau_decay0.967433636753214_seed30","q_learning","0.4904761626473107","30","3.1948907459087157","0.967433636753214","10"
"q_learning_alpha0.2137773517005576_tau0.5443169455859983_tau_decay0.9355629878692978_seed20","q_learning","0.2137773517005576","20","0.5443169455859983","0.9355629878692978","11"
"q_learning_alpha0.9217388760680344_tau2.0924495395118616_tau_decay0.9212152293460538_seed30","q_learning","0.9217388760680344","30","2.0924495395118616","0.9212152293460538","15"
"q_learning_alpha0.9209825582811376_tau3.688600327194335_tau_decay0.955167174095882_seed10","q_learning","0.9209825582811376","10","3.688600327194335","0.955167174095882","7"
"q_learning_alpha0.6515033163696599_tau0.5169494858169505_tau_decay0.9691937054710726_seed50","q_learning","0.6515033163696599","50","0.5169494858169505","0.9691937054710726","25"
"q_learning_alpha0.9089766570625232_tau1.3157107427706534_tau_decay0.9593727105705776_seed40","q_learning","0.9089766570625232","40","1.3157107427706534","0.9593727105705776","9"
"q_learning_alpha0.3147236193961052_tau0.7050117284164568_tau_decay0.964039270772637_seed20","q_learning","0.3147236193961052","20","0.7050117284164568","0.964039270772637","11"
"q_learning_alpha0.03899087775794835_tau1.991998467713388_tau_decay0.9454089414861604_seed30","q_learning","0.03899087775794835","30","1.991998467713388","0.9454089414861604","6"
"q_learning_alpha0.8286007212699731_tau1.5388133609787134_tau_decay0.9256051108008678_seed50","q_learning","0.8286007212699731","50","1.5388133609787134","0.9256051108008678","8"
"q_learning_alpha0.39100749679924834_tau3.008832976386306_tau_decay0.905024707625306_seed30","q_learning","0.39100749679924834","30","3.008832976386306","0.905024707625306","2"
"q_learning_alpha0.16976472772413914_tau2.286717032916694_tau_decay0.9019287089673608_seed20","q_learning","0.16976472772413914","20","2.286717032916694","0.9019287089673608","3"
"q_learning_alpha0.945722393674826_tau1.0547640083626275_tau_decay0.969874560258452_seed30","q_learning","0.945722393674826","30","1.0547640083626275","0.969874560258452","11"
"q_learning_alpha0.7090137684809983_tau1.2805858475735086_tau_decay0.9346245795495174_seed20","q_learning","0.7090137684809983","20","1.2805858475735086","0.9346245795495174","2"
"q_learning_alpha0.021257032337612104_tau1.1310800133707228_tau_decay0.96057517398049_seed10","q_learning","0.021257032337612104","10","1.1310800133707228","0.96057517398049","4"
"q_learning_alpha0.0745205916689051_tau2.920612205732272_tau_decay0.9651306116333274_seed40","q_learning","0.0745205916689051","40","2.920612205732272","0.9651306116333274","10"
"q_learning_alpha0.7108699184963133_tau3.4440779183430523_tau_decay0.903691545440351_seed20","q_learning","0.7108699184963133","20","3.4440779183430523","0.903691545440351","9"
"q_learning_alpha0.6714632877377387_tau2.9215921114479415_tau_decay0.94543888061618_seed10","q_learning","0.6714632877377387","10","2.9215921114479415","0.94543888061618","3"
"q_learning_alpha0.681080953200935_tau3.440937726776087_tau_decay0.9806682770723156_seed20","q_learning","0.681080953200935","20","3.440937726776087","0.9806682770723156","6"
"q_learning_alpha0.409395045100514_tau3.435671523106404_tau_decay0.9422486297929752_seed50","q_learning","0.409395045100514","50","3.435671523106404","0.9422486297929752","3"
"q_learning_alpha0.230599828662879_tau3.9569761655909734_tau_decay0.9137792999496044_seed30","q_learning","0.230599828662879","30","3.9569761655909734","0.9137792999496044","6"
"q_learning_alpha0.45754246717401814_tau0.974550007742932_tau_decay0.957277182960366_seed40","q_learning","0.45754246717401814","40","0.974550007742932","0.957277182960366","3"
"q_learning_alpha0.44119739043902767_tau3.441020058980349_tau_decay0.9799476158565_seed50","q_learning","0.44119739043902767","50","3.441020058980349","0.9799476158565","10"
"q_learning_alpha0.6245261574694585_tau1.7741262891634462_tau_decay0.9494023056851182_seed10","q_learning","0.6245261574694585","10","1.7741262891634462","0.9494023056851182","15"
"q_learning_alpha0.13610792850904763_tau1.5471390018822682_tau_decay0.9600419325891318_seed10","q_learning","0.13610792850904763","10","1.5471390018822682","0.9600419325891318","2"
"q_learning_alpha0.5551162383619124_tau2.4792616147715374_tau_decay0.9265743653210478_seed10","q_learning","0.5551162383619124","10","2.4792616147715374","0.9265743653210478","11"
"q_learning_alpha0.8959743932100886_tau2.780249493020517_tau_decay0.9758662859126416_seed40","q_learning","0.8959743932100886","40","2.780249493020517","0.9758662859126416","2"
"q_learning_alpha0.031836347353866375_tau2.6171148957870587_tau_decay0.903537887980041_seed40","q_learning","0.031836347353866375","40","2.6171148957870587","0.903537887980041","9"
"q_learning_alpha0.4592120487143435_tau0.586605993408493_tau_decay0.9794559911484708_seed30","q_learning","0.4592120487143435","30","0.586605993408493","0.9794559911484708","25"
"q_learning_alpha0.7524127653565945_tau3.15103026944598_tau_decay0.9113609337913626_seed30","q_learning","0.7524127653565945","30","3.15103026944598","0.9113609337913626","4"
"q_learning_alpha0.20867730498777473_tau3.7275395281188657_tau_decay0.9346718571302908_seed40","q_learning","0.20867730498777473","40","3.7275395281188657","0.9346718571302908","14"
"q_learning_alpha0.6116901184635045_tau2.601998511583655_tau_decay0.9415701947017344_seed40","q_learning","0.6116901184635045","40","2.601998511583655","0.9415701947017344","7"
"q_learning_alpha0.13719322071724543_tau1.333588731541953_tau_decay0.9231772496605508_seed20","q_learning","0.13719322071724543","20","1.333588731541953","0.9231772496605508","30"
"q_learning_alpha0.7531997667637313_tau0.6634317215388839_tau_decay0.9225422510970576_seed20","q_learning","0.7531997667637313","20","0.6634317215388839","0.9225422510970576","24"
"q_learning_alpha0.27846209427635316_tau2.685990771649071_tau_decay0.9829130747923648_seed40","q_learning","0.27846209427635316","40","2.685990771649071","0.9829130747923648","2"
"q_learning_alpha0.7624255179024972_tau0.7242750841607644_tau_decay0.9326032104198064_seed20","q_learning","0.7624255179024972","20","0.7242750841607644","0.9326032104198064","5"
"q_learning_alpha0.8385235073937917_tau3.3790035714136333_tau_decay0.9567784096630412_seed50","q_learning","0.8385235073937917","50","3.3790035714136333","0.9567784096630412","3"
"q_learning_alpha0.9912125176962212_tau2.897752106583173_tau_decay0.9044424845012212_seed20","q_learning","0.9912125176962212","20","2.897752106583173","0.9044424845012212","14"
"q_learning_alpha0.3693721325261283_tau2.865771920543348_tau_decay0.9223235545683216_seed10","q_learning","0.3693721325261283","10","2.865771920543348","0.9223235545683216","3"
"q_learning_alpha0.6121750523017652_tau3.6107126866465977_tau_decay0.9456123925948836_seed30","q_learning","0.6121750523017652","30","3.6107126866465977","0.9456123925948836","5"
"q_learning_alpha0.31477266168228646_tau0.8384731886461694_tau_decay0.9611917443990812_seed40","q_learning","0.31477266168228646","40","0.8384731886461694","0.9611917443990812","19"
"q_learning_alpha0.19699980126403985_tau2.039296446072021_tau_decay0.9131331565128789_seed30","q_learning","0.19699980126403985","30","2.039296446072021","0.9131331565128789","7"
"q_learning_alpha0.37219992638479_tau2.0205976779706845_tau_decay0.9416969912683876_seed30","q_learning","0.37219992638479","30","2.0205976779706845","0.9416969912683876","9"
"q_learning_alpha0.3821167244621088_tau0.6877260252553439_tau_decay0.9685823038762296_seed50","q_learning","0.3821167244621088","50","0.6877260252553439","0.9685823038762296","18"
"q_learning_alpha0.3674611785421024_tau2.435918129768904_tau_decay0.9799067241473663_seed30","q_learning","0.3674611785421024","30","2.435918129768904","0.9799067241473663","19"
"q_learning_alpha0.3125688915115684_tau0.9879500045285344_tau_decay0.9883793505087856_seed50","q_learning","0.3125688915115684","50","0.9879500045285344","0.9883793505087856","16"
"q_learning_alpha0.28173037538573864_tau3.3510843440706655_tau_decay0.9535469302763232_seed10","q_learning","0.28173037538573864","10","3.3510843440706655","0.9535469302763232","3"
"q_learning_alpha0.4771309856483268_tau1.3017858208902124_tau_decay0.9262477941946976_seed40","q_learning","0.4771309856483268","40","1.3017858208902124","0.9262477941946976","7"
"q_learning_alpha0.4335126127257838_tau2.228558858143078_tau_decay0.903005318495286_seed50","q_learning","0.4335126127257838","50","2.228558858143078","0.903005318495286","15"
"q_learning_alpha0.7596698215436769_tau1.95767534971401_tau_decay0.9842907217065796_seed40","q_learning","0.7596698215436769","40","1.95767534971401","0.9842907217065796","4"
"q_learning_alpha0.636992647174063_tau1.978122868757767_tau_decay0.9023325014436524_seed20","q_learning","0.636992647174063","20","1.978122868757767","0.9023325014436524","2"
"q_learning_alpha0.08908468992368576_tau3.5504484331848243_tau_decay0.9675842408544042_seed10","q_learning","0.08908468992368576","10","3.5504484331848243","0.9675842408544042","2"
"q_learning_alpha0.3255911561061456_tau3.3744496508485167_tau_decay0.9581719623058244_seed20","q_learning","0.3255911561061456","20","3.3744496508485167","0.9581719623058244","3"
"q_learning_alpha0.3473031974537662_tau2.30664920495464_tau_decay0.9276583496997556_seed20","q_learning","0.3473031974537662","20","2.30664920495464","0.9276583496997556","3"
"q_learning_alpha0.5152246861841417_tau1.9956383853159505_tau_decay0.9449813423856762_seed40","q_learning","0.5152246861841417","40","1.9956383853159505","0.9449813423856762","4"
"q_learning_alpha0.6275267143348686_tau2.9219591158618177_tau_decay0.9650864892003156_seed30","q_learning","0.6275267143348686","30","2.9219591158618177","0.9650864892003156","9"
"q_learning_alpha0.4250872053409747_tau1.4284568537621996_tau_decay0.9259628598403024_seed50","q_learning","0.4250872053409747","50","1.4284568537621996","0.9259628598403024","3"
"q_learning_alpha0.8440408141715727_tau3.923808814573734_tau_decay0.9604759030005344_seed50","q_learning","0.8440408141715727","50","3.923808814573734","0.9604759030005344","22"
"q_learning_alpha0.9876641538167964_tau3.618241933432208_tau_decay0.9150031015096152_seed30","q_learning","0.9876641538167964","30","3.618241933432208","0.9150031015096152","3"
"q_learning_alpha0.8754080177488128_tau1.5035681160939691_tau_decay0.9223019904618728_seed50","q_learning","0.8754080177488128","50","1.5035681160939691","0.9223019904618728","11"
"q_learning_alpha0.17674549158243658_tau1.0232334778364165_tau_decay0.9192675200553846_seed30","q_learning","0.17674549158243658","30","1.0232334778364165","0.9192675200553846","9"
"q_learning_alpha0.6490530189524677_tau0.8868191690517275_tau_decay0.9075995043592688_seed50","q_learning","0.6490530189524677","50","0.8868191690517275","0.9075995043592688","3"
"q_learning_alpha0.3891805623340217_tau3.6281232652744526_tau_decay0.9710971744828072_seed30","q_learning","0.3891805623340217","30","3.6281232652744526","0.9710971744828072","23"
"q_learning_alpha0.03186962059120888_tau3.48727339278199_tau_decay0.9518320924787076_seed50","q_learning","0.03186962059120888","50","3.48727339278199","0.9518320924787076","10"
"q_learning_alpha0.8936111405373958_tau1.3693248347277722_tau_decay0.9271186343121308_seed40","q_learning","0.8936111405373958","40","1.3693248347277722","0.9271186343121308","7"
"q_learning_alpha0.49050146432733166_tau2.022929379881657_tau_decay0.9744164528715782_seed30","q_learning","0.49050146432733166","30","2.022929379881657","0.9744164528715782","8"
"q_learning_alpha0.9729297064536366_tau2.240361543039298_tau_decay0.9219050414765726_seed20","q_learning","0.9729297064536366","20","2.240361543039298","0.9219050414765726","2"
"q_learning_alpha0.9968684454735514_tau2.729695915990368_tau_decay0.9692681726107102_seed10","q_learning","0.9968684454735514","10","2.729695915990368","0.9692681726107102","3"
"q_learning_alpha0.17359495286900048_tau0.7596184588385573_tau_decay0.9007943441989656_seed30","q_learning","0.17359495286900048","30","0.7596184588385573","0.9007943441989656","16"
"q_learning_alpha0.5976837970226893_tau3.324725699127526_tau_decay0.9036448146796112_seed30","q_learning","0.5976837970226893","30","3.324725699127526","0.9036448146796112","25"
"q_learning_alpha0.19467691232970033_tau1.1368989180802869_tau_decay0.9244918828359268_seed40","q_learning","0.19467691232970033","40","1.1368989180802869","0.9244918828359268","6"
"q_learning_alpha0.19362810679964024_tau2.7986224924889944_tau_decay0.96151918544906_seed50","q_learning","0.19362810679964024","50","2.7986224924889944","0.96151918544906","4"
"q_learning_alpha0.7143726598641945_tau1.87694775372288_tau_decay0.9508205967055684_seed40","q_learning","0.7143726598641945","40","1.87694775372288","0.9508205967055684","2"
"q_learning_alpha0.7426132247659567_tau0.9026480417037152_tau_decay0.9090987334846296_seed50","q_learning","0.7426132247659567","50","0.9026480417037152","0.9090987334846296","5"
"q_learning_alpha0.7630685083697176_tau3.580663955011784_tau_decay0.9100635610829372_seed30","q_learning","0.7630685083697176","30","3.580663955011784","0.9100635610829372","3"
"q_learning_alpha0.3293066875638745_tau0.661346659449743_tau_decay0.9828760511863542_seed30","q_learning","0.3293066875638745","30","0.661346659449743","0.9828760511863542","14"
"q_learning_alpha0.667319796616182_tau2.047113335631823_tau_decay0.9797610852785332_seed30","q_learning","0.667319796616182","30","2.047113335631823","0.9797610852785332","5"
"q_learning_alpha0.3111759776057747_tau0.739844315335827_tau_decay0.971922137134516_seed10","q_learning","0.3111759776057747","10","0.739844315335827","0.971922137134516","7"
"q_learning_alpha0.1971917387736196_tau3.965746324352147_tau_decay0.9415871494283858_seed10","q_learning","0.1971917387736196","10","3.965746324352147","0.9415871494283858","3"
"q_learning_alpha0.27945401510885326_tau3.448132479041674_tau_decay0.900506562966849_seed10","q_learning","0.27945401510885326","10","3.448132479041674","0.900506562966849","6"
"q_learning_alpha0.4578580685991271_tau3.2777924056826753_tau_decay0.9015340354189664_seed20","q_learning","0.4578580685991271","20","3.2777924056826753","0.9015340354189664","3"
"q_learning_alpha0.2382018388483843_tau0.8667752034567922_tau_decay0.9253232604001048_seed40","q_learning","0.2382018388483843","40","0.8667752034567922","0.9253232604001048","15"
"q_learning_alpha0.9646008444945384_tau0.6245075231076191_tau_decay0.9450413512503892_seed20","q_learning","0.9646008444945384","20","0.6245075231076191","0.9450413512503892","7"
"q_learning_alpha0.17079828933649324_tau3.767023615017679_tau_decay0.9398710972588382_seed40","q_learning","0.17079828933649324","40","3.767023615017679","0.9398710972588382","15"
"q_learning_alpha0.7943064791763754_tau1.0799711925302706_tau_decay0.907174621188072_seed50","q_learning","0.7943064791763754","50","1.0799711925302706","0.907174621188072","5"
"q_learning_alpha0.24641053167015067_tau1.0804110863771357_tau_decay0.9089840429883208_seed50","q_learning","0.24641053167015067","50","1.0804110863771357","0.9089840429883208","17"
"q_learning_alpha0.6355007011509821_tau2.2249123330288634_tau_decay0.9435836285733716_seed20","q_learning","0.6355007011509821","20","2.2249123330288634","0.9435836285733716","9"
"q_learning_alpha0.31453608608276495_tau2.990177628423543_tau_decay0.9413360266950338_seed30","q_learning","0.31453608608276495","30","2.990177628423543","0.9413360266950338","22"
"q_learning_alpha0.07917868386777148_tau2.4085911719183883_tau_decay0.9873452557959416_seed20","q_learning","0.07917868386777148","20","2.4085911719183883","0.9873452557959416","14"
"q_learning_alpha0.3967725322167109_tau1.8456043234863424_tau_decay0.970787907840342_seed10","q_learning","0.3967725322167109","10","1.8456043234863424","0.970787907840342","2"
"q_learning_alpha0.32680797914129195_tau2.5697347649434867_tau_decay0.9137410277733616_seed30","q_learning","0.32680797914129195","30","2.5697347649434867","0.9137410277733616","7"
"q_learning_alpha0.7655956147588314_tau1.2438123610554477_tau_decay0.9369193715570848_seed30","q_learning","0.7655956147588314","30","1.2438123610554477","0.9369193715570848","4"
"q_learning_alpha0.844793192955322_tau3.2072423948808764_tau_decay0.9379333086753924_seed30","q_learning","0.844793192955322","30","3.2072423948808764","0.9379333086753924","14"
"q_learning_alpha0.5859016156365766_tau3.454647930548369_tau_decay0.9634238962227574_seed40","q_learning","0.5859016156365766","40","3.454647930548369","0.9634238962227574","20"
"q_learning_alpha0.2585077932121851_tau2.3722035016862453_tau_decay0.9522296906494714_seed30","q_learning","0.2585077932121851","30","2.3722035016862453","0.9522296906494714","2"
"q_learning_alpha0.9398200899704922_tau1.357281468534714_tau_decay0.9742879606599748_seed30","q_learning","0.9398200899704922","30","1.357281468534714","0.9742879606599748","6"
"q_learning_alpha0.1380326562664371_tau3.432706177013211_tau_decay0.9367825757199378_seed40","q_learning","0.1380326562664371","40","3.432706177013211","0.9367825757199378","8"
"q_learning_alpha0.9471851548098223_tau3.2110763690060757_tau_decay0.9480335832049326_seed10","q_learning","0.9471851548098223","10","3.2110763690060757","0.9480335832049326","4"
"q_learning_alpha0.8853414518838675_tau1.8282886322872431_tau_decay0.927454548697928_seed20","q_learning","0.8853414518838675","20","1.8282886322872431","0.927454548697928","4"
"q_learning_alpha0.41984266448087953_tau0.5054338442816544_tau_decay0.9173339388314176_seed30","q_learning","0.41984266448087953","30","0.5054338442816544","0.9173339388314176","26"
"q_learning_alpha0.2502176713359418_tau1.565739317186691_tau_decay0.9020098160822696_seed50","q_learning","0.2502176713359418","50","1.565739317186691","0.9020098160822696","5"
"q_learning_alpha0.3320149605973351_tau0.8303402731048336_tau_decay0.9059621629438072_seed20","q_learning","0.3320149605973351","20","0.8303402731048336","0.9059621629438072","20"
"q_learning_alpha0.5639711510098158_tau2.8842392019676435_tau_decay0.9352707649329652_seed30","q_learning","0.5639711510098158","30","2.8842392019676435","0.9352707649329652","3"
"q_learning_alpha0.3626876362460301_tau0.5235383659062429_tau_decay0.954681738382242_seed30","q_learning","0.3626876362460301","30","0.5235383659062429","0.954681738382242","10"
"q_learning_alpha0.35071372524197636_tau0.7735659697183679_tau_decay0.9419438627786164_seed30","q_learning","0.35071372524197636","30","0.7735659697183679","0.9419438627786164","8"
"q_learning_alpha0.6235337553867769_tau1.3768763342731043_tau_decay0.9203031237279302_seed10","q_learning","0.6235337553867769","10","1.3768763342731043","0.9203031237279302","2"
"q_learning_alpha0.6687421694573525_tau1.034752886926101_tau_decay0.926263052769814_seed50","q_learning","0.6687421694573525","50","1.034752886926101","0.926263052769814","22"
"q_learning_alpha0.06780352145003524_tau2.1514624206862583_tau_decay0.9439797922374517_seed30","q_learning","0.06780352145003524","30","2.1514624206862583","0.9439797922374517","11"
"q_learning_alpha0.030905555489462173_tau2.7630654667536327_tau_decay0.9441176700693954_seed40","q_learning","0.030905555489462173","40","2.7630654667536327","0.9441176700693954","3"
"q_learning_alpha0.3601716356836571_tau1.927583262600975_tau_decay0.9126484964485256_seed20","q_learning","0.3601716356836571","20","1.927583262600975","0.9126484964485256","6"
"q_learning_alpha0.49671028828222064_tau3.8915494128682138_tau_decay0.9289238173805092_seed50","q_learning","0.49671028828222064","50","3.8915494128682138","0.9289238173805092","3"
"q_learning_alpha0.8485033039709655_tau3.4945658906918498_tau_decay0.938225614993597_seed30","q_learning","0.8485033039709655","30","3.4945658906918498","0.938225614993597","9"
"q_learning_alpha0.4753745114483016_tau1.0658926720644857_tau_decay0.9225584346188388_seed10","q_learning","0.4753745114483016","10","1.0658926720644857","0.9225584346188388","3"
"q_learning_alpha0.4521902487186924_tau3.695282465390574_tau_decay0.9703895452882484_seed10","q_learning","0.4521902487186924","10","3.695282465390574","0.9703895452882484","2"
"q_learning_alpha0.16714384225924905_tau2.0409768218434743_tau_decay0.9175606945651312_seed30","q_learning","0.16714384225924905","30","2.0409768218434743","0.9175606945651312","14"
"q_learning_alpha0.3495916493045069_tau2.7183374734776753_tau_decay0.9049966432327166_seed30","q_learning","0.3495916493045069","30","2.7183374734776753","0.9049966432327166","7"
"q_learning_alpha0.7256674629968993_tau3.9830586223088744_tau_decay0.9154738592676608_seed10","q_learning","0.7256674629968993","10","3.9830586223088744","0.9154738592676608","15"
"q_learning_alpha0.5917215252357912_tau3.588529095250834_tau_decay0.905055255777024_seed50","q_learning","0.5917215252357912","50","3.588529095250834","0.905055255777024","6"
"q_learning_alpha0.04706515744484224_tau3.0493521115926305_tau_decay0.9608062189972356_seed50","q_learning","0.04706515744484224","50","3.0493521115926305","0.9608062189972356","11"
"q_learning_alpha0.7451906684341573_tau3.5957282851017616_tau_decay0.9515940823000886_seed50","q_learning","0.7451906684341573","50","3.5957282851017616","0.9515940823000886","2"
"q_learning_alpha0.7442725288055628_tau2.339556206476839_tau_decay0.933714130166308_seed10","q_learning","0.7442725288055628","10","2.339556206476839","0.933714130166308","10"
"q_learning_alpha0.7550594598908772_tau1.571510564477534_tau_decay0.937714754578458_seed50","q_learning","0.7550594598908772","50","1.571510564477534","0.937714754578458","27"
"q_learning_alpha0.9887074069597144_tau0.8534146685591213_tau_decay0.9155737234362944_seed30","q_learning","0.9887074069597144","30","0.8534146685591213","0.9155737234362944","4"
"q_learning_alpha0.9881709597645852_tau1.7137360638789878_tau_decay0.955892711508842_seed10","q_learning","0.9881709597645852","10","1.7137360638789878","0.955892711508842","18"
"q_learning_alpha0.25187686108447477_tau2.6555569781413904_tau_decay0.9714290916784148_seed50","q_learning","0.25187686108447477","50","2.6555569781413904","0.9714290916784148","3"
"q_learning_alpha0.5312424261212575_tau3.504429307711818_tau_decay0.982885030531684_seed40","q_learning","0.5312424261212575","40","3.504429307711818","0.982885030531684","9"
"q_learning_alpha0.9433933276916088_tau2.382785055519366_tau_decay0.9530577037064504_seed50","q_learning","0.9433933276916088","50","2.382785055519366","0.9530577037064504","2"
"q_learning_alpha0.012831914160389767_tau1.1318761922887146_tau_decay0.9307053858362104_seed30","q_learning","0.012831914160389767","30","1.1318761922887146","0.9307053858362104","23"
"q_learning_alpha0.8870553409497894_tau0.9087230777599308_tau_decay0.9274671612632448_seed50","q_learning","0.8870553409497894","50","0.9087230777599308","0.9274671612632448","20"
"q_learning_alpha0.6712695563645312_tau2.997245248512818_tau_decay0.9669636680581872_seed30","q_learning","0.6712695563645312","30","2.997245248512818","0.9669636680581872","8"
"q_learning_alpha0.7494899052913944_tau0.5461633954871568_tau_decay0.9668418276240272_seed10","q_learning","0.7494899052913944","10","0.5461633954871568","0.9668418276240272","20"
"q_learning_alpha0.7199729380231285_tau1.3941444935378131_tau_decay0.9754931011362308_seed30","q_learning","0.7199729380231285","30","1.3941444935378131","0.9754931011362308","6"
"q_learning_alpha0.2863586961994067_tau2.306407412221649_tau_decay0.9290202151034244_seed20","q_learning","0.2863586961994067","20","2.306407412221649","0.9290202151034244","12"
"q_learning_alpha0.548194058737867_tau1.1595414534277786_tau_decay0.9247300310344204_seed20","q_learning","0.548194058737867","20","1.1595414534277786","0.9247300310344204","2"
"q_learning_alpha0.09446308284835668_tau2.246094843490691_tau_decay0.9342595236568478_seed40","q_learning","0.09446308284835668","40","2.246094843490691","0.9342595236568478","4"
"q_learning_alpha0.1734812295262191_tau1.457725441741624_tau_decay0.9594412272922084_seed30","q_learning","0.1734812295262191","30","1.457725441741624","0.9594412272922084","17"
"q_learning_alpha0.11164146654485982_tau0.8902411883551697_tau_decay0.9604862848572124_seed30","q_learning","0.11164146654485982","30","0.8902411883551697","0.9604862848572124","3"
"q_learning_alpha0.6966950030634758_tau1.5179430500301043_tau_decay0.9531862963073834_seed50","q_learning","0.6966950030634758","50","1.5179430500301043","0.9531862963073834","19"
"q_learning_alpha0.8954722435515652_tau2.9342425789416193_tau_decay0.9546813596889784_seed20","q_learning","0.8954722435515652","20","2.9342425789416193","0.9546813596889784","12"
"q_learning_alpha0.18207331298257992_tau1.3430891465997874_tau_decay0.9033198807946076_seed30","q_learning","0.18207331298257992","30","1.3430891465997874","0.9033198807946076","10"
"q_learning_alpha0.35609334059481706_tau1.5362574720961182_tau_decay0.975907242470107_seed50","q_learning","0.35609334059481706","50","1.5362574720961182","0.975907242470107","14"
"q_learning_alpha0.5673792017728215_tau3.0301644525617863_tau_decay0.9015638634862544_seed40","q_learning","0.5673792017728215","40","3.0301644525617863","0.9015638634862544","3"
"q_learning_alpha0.8050889162231962_tau3.3948723304233943_tau_decay0.9803634762057296_seed50","q_learning","0.8050889162231962","50","3.3948723304233943","0.9803634762057296","7"
"q_learning_alpha0.07940351850816464_tau2.016768637618749_tau_decay0.9248393828020288_seed40","q_learning","0.07940351850816464","40","2.016768637618749","0.9248393828020288","4"
"q_learning_alpha0.7391606788218207_tau1.4358438760845755_tau_decay0.9462762751144648_seed40","q_learning","0.7391606788218207","40","1.4358438760845755","0.9462762751144648","7"
"q_learning_alpha0.07786118550799624_tau1.0840453607819105_tau_decay0.9184325801040384_seed30","q_learning","0.07786118550799624","30","1.0840453607819105","0.9184325801040384","6"
"q_learning_alpha0.1329846782704986_tau1.7817819447787324_tau_decay0.9426745220421971_seed20","q_learning","0.1329846782704986","20","1.7817819447787324","0.9426745220421971","16"
"q_learning_alpha0.9490506322853236_tau1.7739551773982711_tau_decay0.979039839235853_seed20","q_learning","0.9490506322853236","20","1.7739551773982711","0.979039839235853","3"
"q_learning_alpha0.8461359883609358_tau3.2681450054296195_tau_decay0.973059424313421_seed40","q_learning","0.8461359883609358","40","3.2681450054296195","0.973059424313421","6"
"q_learning_alpha0.6629327019103669_tau2.3063330034137457_tau_decay0.9095662401703656_seed40","q_learning","0.6629327019103669","40","2.3063330034137457","0.9095662401703656","4"
"q_learning_alpha0.4438329065202112_tau0.6746352665841305_tau_decay0.9784980148309378_seed40","q_learning","0.4438329065202112","40","0.6746352665841305","0.9784980148309378","6"
"q_learning_alpha0.20696909982510023_tau3.9459036919238217_tau_decay0.9710054827965912_seed30","q_learning","0.20696909982510023","30","3.9459036919238217","0.9710054827965912","24"
"q_learning_alpha0.06747268370814433_tau1.7611936142228355_tau_decay0.9545797963912126_seed40","q_learning","0.06747268370814433","40","1.7611936142228355","0.9545797963912126","12"
"q_learning_alpha0.7092335806477155_tau1.4535525693265294_tau_decay0.9843016420647772_seed40","q_learning","0.7092335806477155","40","1.4535525693265294","0.9843016420647772","3"
"q_learning_alpha0.9136807707898764_tau3.5093119362363265_tau_decay0.9490356232943832_seed50","q_learning","0.9136807707898764","50","3.5093119362363265","0.9490356232943832","4"
"q_learning_alpha0.3708314240980452_tau1.697378315004158_tau_decay0.9739584539912386_seed40","q_learning","0.3708314240980452","40","1.697378315004158","0.9739584539912386","10"
"q_learning_alpha0.7430308652984025_tau0.5876201430339201_tau_decay0.9526316752970152_seed50","q_learning","0.7430308652984025","50","0.5876201430339201","0.9526316752970152","9"
"q_learning_alpha0.8605799556723375_tau3.0382118618557548_tau_decay0.9519890336947008_seed40","q_learning","0.8605799556723375","40","3.0382118618557548","0.9519890336947008","3"
"q_learning_alpha0.4670918840371939_tau2.203429180247775_tau_decay0.9148802376649312_seed50","q_learning","0.4670918840371939","50","2.203429180247775","0.9148802376649312","7"
"q_learning_alpha0.12246852859980584_tau2.480136397483262_tau_decay0.963531810256934_seed40","q_learning","0.12246852859980584","40","2.480136397483262","0.963531810256934","2"
"q_learning_alpha0.26911271925614494_tau3.67705422820194_tau_decay0.9569598828276442_seed30","q_learning","0.26911271925614494","30","3.67705422820194","0.9569598828276442","5"
"q_learning_alpha0.7265545508960803_tau3.719083142686331_tau_decay0.9021060464168402_seed20","q_learning","0.7265545508960803","20","3.719083142686331","0.9021060464168402","8"
"q_learning_alpha0.511477180276805_tau1.929117983145604_tau_decay0.913408034964632_seed50","q_learning","0.511477180276805","50","1.929117983145604","0.913408034964632","9"
"q_learning_alpha0.9532445925369828_tau0.7275155937440942_tau_decay0.9778214347096724_seed20","q_learning","0.9532445925369828","20","0.7275155937440942","0.9778214347096724","6"
"q_learning_alpha0.7367068402768691_tau2.9915901157174223_tau_decay0.957527118411582_seed20","q_learning","0.7367068402768691","20","2.9915901157174223","0.957527118411582","4"
"q_learning_alpha0.032640908662633784_tau3.703571110215393_tau_decay0.972074781283313_seed20","q_learning","0.032640908662633784","20","3.703571110215393","0.972074781283313","10"
"q_learning_alpha0.7185307935229047_tau2.961547061365914_tau_decay0.9035390173943006_seed20","q_learning","0.7185307935229047","20","2.961547061365914","0.9035390173943006","3"
"q_learning_alpha0.31692827188911893_tau2.632602317534796_tau_decay0.9895444641810902_seed20","q_learning","0.31692827188911893","20","2.632602317534796","0.9895444641810902","16"
"q_learning_alpha0.5033428039121165_tau2.9618359642203385_tau_decay0.9892315607627528_seed20","q_learning","0.5033428039121165","20","2.9618359642203385","0.9892315607627528","6"
"q_learning_alpha0.785711315001402_tau0.7333576961249737_tau_decay0.9767708585353424_seed40","q_learning","0.785711315001402","40","0.7333576961249737","0.9767708585353424","63"
"q_learning_alpha0.4773570669184978_tau3.155354603534816_tau_decay0.94883280254035_seed50","q_learning","0.4773570669184978","50","3.155354603534816","0.94883280254035","4"
"q_learning_alpha0.7010815509405_tau1.8743468030259076_tau_decay0.9283808038204826_seed30","q_learning","0.7010815509405","30","1.8743468030259076","0.9283808038204826","4"
"q_learning_alpha0.28084134411767675_tau0.6670410402792032_tau_decay0.95743066714239_seed50","q_learning","0.28084134411767675","50","0.6670410402792032","0.95743066714239","5"
"q_learning_alpha0.5466913836780625_tau1.96478816453413_tau_decay0.94437905446308_seed50","q_learning","0.5466913836780625","50","1.96478816453413","0.94437905446308","2"
"q_learning_alpha0.38151974075357376_tau1.301249975078487_tau_decay0.9003313903705279_seed20","q_learning","0.38151974075357376","20","1.301249975078487","0.9003313903705279","7"
"q_learning_alpha0.4446712240257361_tau3.135516874813049_tau_decay0.9240080399981718_seed10","q_learning","0.4446712240257361","10","3.135516874813049","0.9240080399981718","3"
"q_learning_alpha0.5094935299249082_tau1.097620111385833_tau_decay0.947252676832558_seed40","q_learning","0.5094935299249082","40","1.097620111385833","0.947252676832558","8"
"q_learning_alpha0.6442676569727611_tau3.2748389806335867_tau_decay0.942164889555591_seed50","q_learning","0.6442676569727611","50","3.2748389806335867","0.942164889555591","19"
"q_learning_alpha0.2975361741001242_tau1.123946541434978_tau_decay0.9659983947055338_seed50","q_learning","0.2975361741001242","50","1.123946541434978","0.9659983947055338","2"
"q_learning_alpha0.5326931602318131_tau2.697509164111719_tau_decay0.921973546888886_seed10","q_learning","0.5326931602318131","10","2.697509164111719","0.921973546888886","11"
"q_learning_alpha0.4348429875258975_tau3.827545942105523_tau_decay0.9546350695457196_seed10","q_learning","0.4348429875258975","10","3.827545942105523","0.9546350695457196","16"
"q_learning_alpha0.39391457979439665_tau2.0776921016120142_tau_decay0.9877493002099322_seed40","q_learning","0.39391457979439665","40","2.0776921016120142","0.9877493002099322","7"
"q_learning_alpha0.350450086534465_tau3.6876428543589626_tau_decay0.98475860423368_seed20","q_learning","0.350450086534465","20","3.6876428543589626","0.98475860423368","14"
"q_learning_alpha0.20105289294169476_tau0.5008805012330753_tau_decay0.9606285210204016_seed40","q_learning","0.20105289294169476","40","0.5008805012330753","0.9606285210204016","5"
"q_learning_alpha0.20191121100382403_tau0.6959503044156592_tau_decay0.950477956653664_seed40","q_learning","0.20191121100382403","40","0.6959503044156592","0.950477956653664","50"
"q_learning_alpha0.3700782612012489_tau1.8331185155937475_tau_decay0.980527331299694_seed10","q_learning","0.3700782612012489","10","1.8331185155937475","0.980527331299694","2"
"q_learning_alpha0.27513249910383997_tau0.5097388956605701_tau_decay0.9376059636672828_seed50","q_learning","0.27513249910383997","50","0.5097388956605701","0.9376059636672828","8"
"q_learning_alpha0.08265407449815035_tau3.832621812641237_tau_decay0.9701172645558204_seed40","q_learning","0.08265407449815035","40","3.832621812641237","0.9701172645558204","9"
"q_learning_alpha0.7903629731661364_tau1.3868729957824466_tau_decay0.9048762405906576_seed20","q_learning","0.7903629731661364","20","1.3868729957824466","0.9048762405906576","2"
"q_learning_alpha0.1590889060256008_tau2.2304921864774867_tau_decay0.9567801876145184_seed20","q_learning","0.1590889060256008","20","2.2304921864774867","0.9567801876145184","7"
"q_learning_alpha0.08750647403202977_tau2.7154786784317_tau_decay0.9293936308308834_seed10","q_learning","0.08750647403202977","10","2.7154786784317","0.9293936308308834","2"
"q_learning_alpha0.5603595107029512_tau0.5918034725814056_tau_decay0.9305605047930924_seed50","q_learning","0.5603595107029512","50","0.5918034725814056","0.9305605047930924","10"
"q_learning_alpha0.24199427381707456_tau3.442644550991942_tau_decay0.9324864702383172_seed10","q_learning","0.24199427381707456","10","3.442644550991942","0.9324864702383172","6"
"q_learning_alpha0.4463592953825925_tau1.6606889047750522_tau_decay0.9837061543859807_seed10","q_learning","0.4463592953825925","10","1.6606889047750522","0.9837061543859807","9"
"q_learning_alpha0.25356139977731357_tau2.7707663761484076_tau_decay0.9051584554519198_seed10","q_learning","0.25356139977731357","10","2.7707663761484076","0.9051584554519198","11"
"q_learning_alpha0.22050773177719493_tau3.6791673550635497_tau_decay0.939667186459485_seed40","q_learning","0.22050773177719493","40","3.6791673550635497","0.939667186459485","8"
"q_learning_alpha0.5034877774370362_tau2.977516815539114_tau_decay0.9486569807141356_seed40","q_learning","0.5034877774370362","40","2.977516815539114","0.9486569807141356","3"
"q_learning_alpha0.24230458105217192_tau2.341924043320369_tau_decay0.9583328567143454_seed20","q_learning","0.24230458105217192","20","2.341924043320369","0.9583328567143454","5"
"q_learning_alpha0.02842992925056051_tau2.4733525456546817_tau_decay0.949206680603386_seed50","q_learning","0.02842992925056051","50","2.4733525456546817","0.949206680603386","2"
"q_learning_alpha0.8699061595447913_tau1.3289476574477486_tau_decay0.9159925677375568_seed40","q_learning","0.8699061595447913","40","1.3289476574477486","0.9159925677375568","3"
"q_learning_alpha0.8832555737473743_tau2.039858598958483_tau_decay0.961229487455328_seed50","q_learning","0.8832555737473743","50","2.039858598958483","0.961229487455328","18"
"q_learning_alpha0.24495845877662684_tau2.3472510560556175_tau_decay0.942462661959464_seed10","q_learning","0.24495845877662684","10","2.3472510560556175","0.942462661959464","10"
"q_learning_alpha0.9542933745155042_tau1.0206932270354132_tau_decay0.9227730423630748_seed10","q_learning","0.9542933745155042","10","1.0206932270354132","0.9227730423630748","4"
"q_learning_alpha0.33093865431225183_tau2.9091288890234295_tau_decay0.9011270974167072_seed10","q_learning","0.33093865431225183","10","2.9091288890234295","0.9011270974167072","10"
"q_learning_alpha0.5221543212947817_tau1.2480535727543334_tau_decay0.9295294608090168_seed50","q_learning","0.5221543212947817","50","1.2480535727543334","0.9295294608090168","13"
"q_learning_alpha0.3348282287200103_tau1.2622662704706185_tau_decay0.9183194765385142_seed20","q_learning","0.3348282287200103","20","1.2622662704706185","0.9183194765385142","11"
"q_learning_alpha0.7605962340099622_tau1.5438996500878368_tau_decay0.9695583809636352_seed20","q_learning","0.7605962340099622","20","1.5438996500878368","0.9695583809636352","7"
"q_learning_alpha0.27160551728886_tau2.1964868300452074_tau_decay0.9318243712271532_seed10","q_learning","0.27160551728886","10","2.1964868300452074","0.9318243712271532","6"
"q_learning_alpha0.6678915469205309_tau3.104947050258764_tau_decay0.9403684488108536_seed50","q_learning","0.6678915469205309","50","3.104947050258764","0.9403684488108536","2"
"q_learning_alpha0.957880576676258_tau3.1499645380303596_tau_decay0.9694164676890524_seed50","q_learning","0.957880576676258","50","3.1499645380303596","0.9694164676890524","2"
"q_learning_alpha0.08543083736720491_tau0.9760811659712608_tau_decay0.9772602596260216_seed20","q_learning","0.08543083736720491","20","0.9760811659712608","0.9772602596260216","5"
"q_learning_alpha0.0229885207583058_tau2.673500737806605_tau_decay0.9820045458348252_seed50","q_learning","0.0229885207583058","50","2.673500737806605","0.9820045458348252","11"
"q_learning_alpha0.5934333270086791_tau2.999262415658253_tau_decay0.9107938001159636_seed30","q_learning","0.5934333270086791","30","2.999262415658253","0.9107938001159636","7"
"q_learning_alpha0.6405441587346098_tau0.617762027643934_tau_decay0.9030991162098118_seed20","q_learning","0.6405441587346098","20","0.617762027643934","0.9030991162098118","3"
"q_learning_alpha0.3035826404962785_tau1.3182931071602235_tau_decay0.9101492541524492_seed50","q_learning","0.3035826404962785","50","1.3182931071602235","0.9101492541524492","2"
"q_learning_alpha0.6239245757419437_tau0.5286950975710785_tau_decay0.9467313572718864_seed30","q_learning","0.6239245757419437","30","0.5286950975710785","0.9467313572718864","29"
"q_learning_alpha0.7904105274508003_tau2.5881803477081293_tau_decay0.9005410896661377_seed20","q_learning","0.7904105274508003","20","2.5881803477081293","0.9005410896661377","5"
"q_learning_alpha0.40552216557976306_tau1.7636233533143513_tau_decay0.915174560041604_seed50","q_learning","0.40552216557976306","50","1.7636233533143513","0.915174560041604","7"
"q_learning_alpha0.8977727175486573_tau0.902267532992864_tau_decay0.9040686269776064_seed10","q_learning","0.8977727175486573","10","0.902267532992864","0.9040686269776064","5"
"q_learning_alpha0.6560604819091197_tau1.9535401915720232_tau_decay0.9046332224585668_seed10","q_learning","0.6560604819091197","10","1.9535401915720232","0.9046332224585668","7"
"q_learning_alpha0.33024938594041814_tau3.559688388408456_tau_decay0.9842114023507168_seed20","q_learning","0.33024938594041814","20","3.559688388408456","0.9842114023507168","9"
"q_learning_alpha0.3256371061985508_tau2.735728410246_tau_decay0.9549519072172376_seed20","q_learning","0.3256371061985508","20","2.735728410246","0.9549519072172376","4"
"q_learning_alpha0.14518515591270165_tau2.4387877598975893_tau_decay0.9127050697625314_seed20","q_learning","0.14518515591270165","20","2.4387877598975893","0.9127050697625314","3"
"q_learning_alpha0.9168922551392352_tau3.564548025956447_tau_decay0.9133547940885032_seed10","q_learning","0.9168922551392352","10","3.564548025956447","0.9133547940885032","3"
"q_learning_alpha0.12458539440726392_tau3.730426234569365_tau_decay0.9699129797819962_seed30","q_learning","0.12458539440726392","30","3.730426234569365","0.9699129797819962","2"
"q_learning_alpha0.2977022938909308_tau3.396793518938313_tau_decay0.9772422923853912_seed50","q_learning","0.2977022938909308","50","3.396793518938313","0.9772422923853912","8"
"q_learning_alpha0.6284022061027134_tau3.4370904295755_tau_decay0.9805421899300298_seed20","q_learning","0.6284022061027134","20","3.4370904295755","0.9805421899300298","6"
"q_learning_alpha0.4784935462886651_tau1.0121768973909455_tau_decay0.9681190994658836_seed10","q_learning","0.4784935462886651","10","1.0121768973909455","0.9681190994658836","2"
"q_learning_alpha0.8213702713746948_tau2.2007689257717247_tau_decay0.9479951113596824_seed50","q_learning","0.8213702713746948","50","2.2007689257717247","0.9479951113596824","9"
"q_learning_alpha0.3435718422202527_tau3.842983731147711_tau_decay0.981710271218041_seed10","q_learning","0.3435718422202527","10","3.842983731147711","0.981710271218041","2"
"q_learning_alpha0.5103212488712633_tau0.6926859508314951_tau_decay0.921708907958142_seed10","q_learning","0.5103212488712633","10","0.6926859508314951","0.921708907958142","3"
"q_learning_alpha0.41270857958013024_tau2.041068523957268_tau_decay0.9538390056203836_seed20","q_learning","0.41270857958013024","20","2.041068523957268","0.9538390056203836","20"
"q_learning_alpha0.3999667361585361_tau1.750170083459692_tau_decay0.9489001672559322_seed10","q_learning","0.3999667361585361","10","1.750170083459692","0.9489001672559322","4"
"q_learning_alpha0.6550540974752884_tau3.515091684920588_tau_decay0.9495017996490974_seed40","q_learning","0.6550540974752884","40","3.515091684920588","0.9495017996490974","3"