"Name","algorithm","alpha","epsilon","epsilon_decay","seed","Episode_return"
"sarsa_alpha0.07906703452266692_epsilon0.054567726453516305_epsilon_decay0.9039373049768412_seed10","sarsa","0.07906703452266692","0.054567726453516305","0.9039373049768412","10",""
"sarsa_alpha0.07954107415059192_epsilon0.040974736349437095_epsilon_decay0.9282785877662107_seed40","sarsa","0.07954107415059192","0.040974736349437095","0.9282785877662107","40","-148"
"sarsa_alpha0.05462958270332477_epsilon0.05601505172751291_epsilon_decay0.9168160502663084_seed30","sarsa","0.05462958270332477","0.05601505172751291","0.9168160502663084","30","-179"
"sarsa_alpha0.040276819288053205_epsilon0.09048680753740944_epsilon_decay0.9738234584413824_seed10","sarsa","0.040276819288053205","0.09048680753740944","0.9738234584413824","10","-333"
"sarsa_alpha0.06760755135522689_epsilon0.154191972594784_epsilon_decay0.9132620694916276_seed40","sarsa","0.06760755135522689","0.154191972594784","0.9132620694916276","40","-154"
"sarsa_alpha0.2950342170943533_epsilon0.15959390216712216_epsilon_decay0.935805228330608_seed30","sarsa","0.2950342170943533","0.15959390216712216","0.935805228330608","30","-314"
"sarsa_alpha0.06336708824251017_epsilon0.16785846289789796_epsilon_decay0.9683317631662988_seed10","sarsa","0.06336708824251017","0.16785846289789796","0.9683317631662988","10","-227"
"sarsa_alpha0.013922332852565724_epsilon0.01014207046311095_epsilon_decay0.9176303368663842_seed20","sarsa","0.013922332852565724","0.01014207046311095","0.9176303368663842","20","-149"
"sarsa_alpha0.3394280690200915_epsilon0.1891198581915932_epsilon_decay0.9687208847571828_seed20","sarsa","0.3394280690200915","0.1891198581915932","0.9687208847571828","20","-500"
"sarsa_alpha0.2576823886775277_epsilon0.1278125567687403_epsilon_decay0.9205319237527054_seed40","sarsa","0.2576823886775277","0.1278125567687403","0.9205319237527054","40","-155"
"sarsa_alpha0.011575820327042002_epsilon0.16580930118487386_epsilon_decay0.9438336577179148_seed40","sarsa","0.011575820327042002","0.16580930118487386","0.9438336577179148","40","-500"
"sarsa_alpha0.23218551243790067_epsilon0.1742373559292562_epsilon_decay0.9892826155142248_seed50","sarsa","0.23218551243790067","0.1742373559292562","0.9892826155142248","50","-224"
"sarsa_alpha0.5127376745173157_epsilon0.19839778379473655_epsilon_decay0.949774187173038_seed50","sarsa","0.5127376745173157","0.19839778379473655","0.949774187173038","50","-256"
"sarsa_alpha0.7185187146469931_epsilon0.13268404659401936_epsilon_decay0.9437715804464906_seed40","sarsa","0.7185187146469931","0.13268404659401936","0.9437715804464906","40","-500"
"sarsa_alpha0.05215203862962981_epsilon0.17699906193510326_epsilon_decay0.9660836679277476_seed50","sarsa","0.05215203862962981","0.17699906193510326","0.9660836679277476","50","-152"
"sarsa_alpha0.04886165532345623_epsilon0.028114500298062832_epsilon_decay0.9650258196477468_seed40","sarsa","0.04886165532345623","0.028114500298062832","0.9650258196477468","40","-155"
"sarsa_alpha0.020396664695804_epsilon0.06772018282440617_epsilon_decay0.9102488038122956_seed10","sarsa","0.020396664695804","0.06772018282440617","0.9102488038122956","10","-166"
"sarsa_alpha0.11588457616505488_epsilon0.02844311370954368_epsilon_decay0.9050966773638012_seed30","sarsa","0.11588457616505488","0.02844311370954368","0.9050966773638012","30","-132"
"sarsa_alpha0.029282631209895084_epsilon0.08465159208611366_epsilon_decay0.9572647417416216_seed40","sarsa","0.029282631209895084","0.08465159208611366","0.9572647417416216","40","-225"
"sarsa_alpha0.04954272379137444_epsilon0.011186902507027197_epsilon_decay0.9167828193957968_seed50","sarsa","0.04954272379137444","0.011186902507027197","0.9167828193957968","50","-141"
"sarsa_alpha0.02967665381815161_epsilon0.02802836825524207_epsilon_decay0.9393959628745332_seed30","sarsa","0.02967665381815161","0.02802836825524207","0.9393959628745332","30","-185"
"sarsa_alpha0.22699381858610915_epsilon0.16417126250817096_epsilon_decay0.9890790275933882_seed40","sarsa","0.22699381858610915","0.16417126250817096","0.9890790275933882","40","-223"
"sarsa_alpha0.010635017153283396_epsilon0.16293444816897515_epsilon_decay0.9648487332409824_seed40","sarsa","0.010635017153283396","0.16293444816897515","0.9648487332409824","40","-224"
"sarsa_alpha0.05490587645126557_epsilon0.16994003815478229_epsilon_decay0.9725925843577018_seed50","sarsa","0.05490587645126557","0.16994003815478229","0.9725925843577018","50","-149"
"sarsa_alpha0.02798404807592817_epsilon0.04239951514927827_epsilon_decay0.9029499344116672_seed10","sarsa","0.02798404807592817","0.04239951514927827","0.9029499344116672","10","-156"
"sarsa_alpha0.010596195656319524_epsilon0.1732019408431641_epsilon_decay0.94146138818338_seed40","sarsa","0.010596195656319524","0.1732019408431641","0.94146138818338","40","-146"
"sarsa_alpha0.056672169450665055_epsilon0.1507896190979103_epsilon_decay0.988163342272744_seed50","sarsa","0.056672169450665055","0.1507896190979103","0.988163342272744","50","-198"
"sarsa_alpha0.035144666536604405_epsilon0.018083907155639786_epsilon_decay0.9115638335260704_seed20","sarsa","0.035144666536604405","0.018083907155639786","0.9115638335260704","20","-147"
"sarsa_alpha0.3407130085652419_epsilon0.16461199657638434_epsilon_decay0.9165835124662336_seed10","sarsa","0.3407130085652419","0.16461199657638434","0.9165835124662336","10","-307"
"sarsa_alpha0.03261133235245048_epsilon0.17889406313188808_epsilon_decay0.9878722598221954_seed10","sarsa","0.03261133235245048","0.17889406313188808","0.9878722598221954","10","-226"
"sarsa_alpha0.014503098093236789_epsilon0.17849854415522343_epsilon_decay0.9643084569236609_seed30","sarsa","0.014503098093236789","0.17849854415522343","0.9643084569236609","30","-204"
"sarsa_alpha0.05923006850566004_epsilon0.0844758629777728_epsilon_decay0.9209244664710368_seed20","sarsa","0.05923006850566004","0.0844758629777728","0.9209244664710368","20","-178"
"sarsa_alpha0.13161363685236702_epsilon0.04503155557299173_epsilon_decay0.9395689904906308_seed30","sarsa","0.13161363685236702","0.04503155557299173","0.9395689904906308","30","-187"
"sarsa_alpha0.08468116992146477_epsilon0.17378870123248422_epsilon_decay0.9736175767990716_seed40","sarsa","0.08468116992146477","0.17378870123248422","0.9736175767990716","40","-146"
"sarsa_alpha0.14598285527595375_epsilon0.1513550276842422_epsilon_decay0.9882418213793376_seed40","sarsa","0.14598285527595375","0.1513550276842422","0.9882418213793376","40","-151"
"sarsa_alpha0.10053300547986783_epsilon0.01894107573980066_epsilon_decay0.9164155239578848_seed30","sarsa","0.10053300547986783","0.01894107573980066","0.9164155239578848","30","-183"
"sarsa_alpha0.04705346370851865_epsilon0.15257317311971716_epsilon_decay0.958183089616146_seed40","sarsa","0.04705346370851865","0.15257317311971716","0.958183089616146","40","-159"
"sarsa_alpha0.5226869731941355_epsilon0.18299861059814793_epsilon_decay0.9751984532672642_seed20","sarsa","0.5226869731941355","0.18299861059814793","0.9751984532672642","20","-199"
"sarsa_alpha0.06616718674866351_epsilon0.0475878975025805_epsilon_decay0.9029688893533616_seed20","sarsa","0.06616718674866351","0.0475878975025805","0.9029688893533616","20","-195"
"sarsa_alpha0.92122479674928_epsilon0.02702711444980473_epsilon_decay0.9116292955755052_seed30","sarsa","0.92122479674928","0.02702711444980473","0.9116292955755052","30","-353"
"sarsa_alpha0.9609527563967584_epsilon0.18143591170234732_epsilon_decay0.9432201980868484_seed10","sarsa","0.9609527563967584","0.18143591170234732","0.9432201980868484","10","-500"
"sarsa_alpha0.9945402750781224_epsilon0.06816757666578646_epsilon_decay0.9181667397497084_seed50","sarsa","0.9945402750781224","0.06816757666578646","0.9181667397497084","50","-500"
"sarsa_alpha0.014525078248077588_epsilon0.04704501076126193_epsilon_decay0.9527911853009188_seed30","sarsa","0.014525078248077588","0.04704501076126193","0.9527911853009188","30","-153"
"sarsa_alpha0.03051625804934212_epsilon0.01310208284874623_epsilon_decay0.9521098511212724_seed40","sarsa","0.03051625804934212","0.01310208284874623","0.9521098511212724","40","-153"
"sarsa_alpha0.08264769700513631_epsilon0.13266314972444748_epsilon_decay0.96446953657133_seed50","sarsa","0.08264769700513631","0.13266314972444748","0.96446953657133","50","-217"
"sarsa_alpha0.13816138376839368_epsilon0.06969751656569016_epsilon_decay0.9409912054323128_seed40","sarsa","0.13816138376839368","0.06969751656569016","0.9409912054323128","40","-214"
"sarsa_alpha0.011238353242675978_epsilon0.18693842654677667_epsilon_decay0.9870384574170455_seed40","sarsa","0.011238353242675978","0.18693842654677667","0.9870384574170455","40","-228"
"sarsa_alpha0.10517003969862096_epsilon0.03264211478033658_epsilon_decay0.93486154166894_seed20","sarsa","0.10517003969862096","0.03264211478033658","0.93486154166894","20","-223"
"sarsa_alpha0.02685327780812064_epsilon0.05441649878610462_epsilon_decay0.9487935881392604_seed40","sarsa","0.02685327780812064","0.05441649878610462","0.9487935881392604","40","-144"
"sarsa_alpha0.014148047829099758_epsilon0.054086299301747714_epsilon_decay0.9038535000859552_seed30","sarsa","0.014148047829099758","0.054086299301747714","0.9038535000859552","30","-191"
"sarsa_alpha0.7807113575531601_epsilon0.02876759623812518_epsilon_decay0.9715368365843864_seed30","sarsa","0.7807113575531601","0.02876759623812518","0.9715368365843864","30","-414"
"sarsa_alpha0.15742256415425765_epsilon0.14382325465863796_epsilon_decay0.922368342750828_seed50","sarsa","0.15742256415425765","0.14382325465863796","0.922368342750828","50","-160"
"sarsa_alpha0.0449565766190247_epsilon0.1942122628481772_epsilon_decay0.9692650521341812_seed10","sarsa","0.0449565766190247","0.1942122628481772","0.9692650521341812","10","-152"
"sarsa_alpha0.06436431450390367_epsilon0.1976400479919336_epsilon_decay0.965311588830997_seed40","sarsa","0.06436431450390367","0.1976400479919336","0.965311588830997","40","-154"
"sarsa_alpha0.056168203973308184_epsilon0.1454480048458134_epsilon_decay0.957234101116924_seed40","sarsa","0.056168203973308184","0.1454480048458134","0.957234101116924","40","-150"
"sarsa_alpha0.5379439592371211_epsilon0.1800221852920395_epsilon_decay0.9273368251600012_seed40","sarsa","0.5379439592371211","0.1800221852920395","0.9273368251600012","40","-243"
"sarsa_alpha0.7302948651039688_epsilon0.013045398258738263_epsilon_decay0.9893287625110696_seed10","sarsa","0.7302948651039688","0.013045398258738263","0.9893287625110696","10","-170"
"sarsa_alpha0.0372066500820756_epsilon0.06424459592156795_epsilon_decay0.95724016473469_seed40","sarsa","0.0372066500820756","0.06424459592156795","0.95724016473469","40","-228"
"sarsa_alpha0.1668630392775945_epsilon0.1951142260492596_epsilon_decay0.965554913176056_seed50","sarsa","0.1668630392775945","0.1951142260492596","0.965554913176056","50","-222"
"sarsa_alpha0.0639612989787861_epsilon0.08343458006617112_epsilon_decay0.9275425055738704_seed20","sarsa","0.0639612989787861","0.08343458006617112","0.9275425055738704","20","-177"
"sarsa_alpha0.010922543588235087_epsilon0.13809950725886624_epsilon_decay0.9742201101383432_seed20","sarsa","0.010922543588235087","0.13809950725886624","0.9742201101383432","20","-191"
"sarsa_alpha0.0129675994914301_epsilon0.13863315565580395_epsilon_decay0.9610832839236372_seed50","sarsa","0.0129675994914301","0.13863315565580395","0.9610832839236372","50","-158"
"sarsa_alpha0.07647494779255179_epsilon0.030313203034317053_epsilon_decay0.9119600831290708_seed20","sarsa","0.07647494779255179","0.030313203034317053","0.9119600831290708","20","-188"
"sarsa_alpha0.5018767938524467_epsilon0.04698600207018504_epsilon_decay0.9255797699392828_seed10","sarsa","0.5018767938524467","0.04698600207018504","0.9255797699392828","10","-478"
"sarsa_alpha0.452507051247513_epsilon0.1455069351457716_epsilon_decay0.948067486213096_seed10","sarsa","0.452507051247513","0.1455069351457716","0.948067486213096","10","-258"
"sarsa_alpha0.0411387574724864_epsilon0.05378535046801043_epsilon_decay0.954717577443194_seed40","sarsa","0.0411387574724864","0.05378535046801043","0.954717577443194","40","-150"
"sarsa_alpha0.0212361803319772_epsilon0.09644802302140992_epsilon_decay0.9473251703123502_seed40","sarsa","0.0212361803319772","0.09644802302140992","0.9473251703123502","40","-228"
"sarsa_alpha0.031091164365691072_epsilon0.14833605517588383_epsilon_decay0.9861317031215304_seed40","sarsa","0.031091164365691072","0.14833605517588383","0.9861317031215304","40","-234"
"sarsa_alpha0.083961193185668_epsilon0.15286233977798333_epsilon_decay0.9865395559946312_seed10","sarsa","0.083961193185668","0.15286233977798333","0.9865395559946312","10","-160"
"sarsa_alpha0.02564923577906926_epsilon0.0230691735198659_epsilon_decay0.9400885612737272_seed20","sarsa","0.02564923577906926","0.0230691735198659","0.9400885612737272","20","-149"
"sarsa_alpha0.030526987547676493_epsilon0.11009566299679592_epsilon_decay0.9430044574879844_seed50","sarsa","0.030526987547676493","0.11009566299679592","0.9430044574879844","50","-154"
"sarsa_alpha0.17211286010967733_epsilon0.19919520136722568_epsilon_decay0.9756449562116494_seed50","sarsa","0.17211286010967733","0.19919520136722568","0.9756449562116494","50","-179"
"sarsa_alpha0.04313527363154215_epsilon0.05191956170404122_epsilon_decay0.9206829442416916_seed30","sarsa","0.04313527363154215","0.05191956170404122","0.9206829442416916","30","-217"
"sarsa_alpha0.026120770758978867_epsilon0.1442966455841638_epsilon_decay0.9807374157472144_seed30","sarsa","0.026120770758978867","0.1442966455841638","0.9807374157472144","30","-185"
"sarsa_alpha0.5033527440530057_epsilon0.02557332002951543_epsilon_decay0.9468319089990392_seed10","sarsa","0.5033527440530057","0.02557332002951543","0.9468319089990392","10","-400"
"sarsa_alpha0.5989053670934427_epsilon0.04268725853555123_epsilon_decay0.9703223822159412_seed30","sarsa","0.5989053670934427","0.04268725853555123","0.9703223822159412","30","-266"
"sarsa_alpha0.052034157982436456_epsilon0.0425594594227052_epsilon_decay0.97500945733651_seed30","sarsa","0.052034157982436456","0.0425594594227052","0.97500945733651","30","-183"
"sarsa_alpha0.011967359896751736_epsilon0.16672298069715058_epsilon_decay0.9815996172202798_seed40","sarsa","0.011967359896751736","0.16672298069715058","0.9815996172202798","40","-148"
"sarsa_alpha0.13846366229849938_epsilon0.17573486370247005_epsilon_decay0.9733630779473076_seed40","sarsa","0.13846366229849938","0.17573486370247005","0.9733630779473076","40","-157"
"sarsa_alpha0.014913444855433692_epsilon0.0361076933458871_epsilon_decay0.9151086506277264_seed20","sarsa","0.014913444855433692","0.0361076933458871","0.9151086506277264","20","-120"
"sarsa_alpha0.17176037005114486_epsilon0.1379799167342424_epsilon_decay0.976073847111847_seed50","sarsa","0.17176037005114486","0.1379799167342424","0.976073847111847","50","-241"
"sarsa_alpha0.020297288974134544_epsilon0.021488035345624188_epsilon_decay0.924830813867084_seed30","sarsa","0.020297288974134544","0.021488035345624188","0.924830813867084","30","-152"
"sarsa_alpha0.7340034660015803_epsilon0.04051076276195833_epsilon_decay0.9046549134361956_seed50","sarsa","0.7340034660015803","0.04051076276195833","0.9046549134361956","50","-500"
"sarsa_alpha0.1857020983457505_epsilon0.0947597665309888_epsilon_decay0.9459119819741146_seed50","sarsa","0.1857020983457505","0.0947597665309888","0.9459119819741146","50","-150"
"sarsa_alpha0.06126094074049041_epsilon0.03157098892930814_epsilon_decay0.9160063356102024_seed30","sarsa","0.06126094074049041","0.03157098892930814","0.9160063356102024","30","-117"
"sarsa_alpha0.31901577551095944_epsilon0.1597707407554834_epsilon_decay0.9513267118954648_seed20","sarsa","0.31901577551095944","0.1597707407554834","0.9513267118954648","20","-242"
"sarsa_alpha0.8215497002677583_epsilon0.09510948513368858_epsilon_decay0.9552268511335894_seed20","sarsa","0.8215497002677583","0.09510948513368858","0.9552268511335894","20","-500"
"sarsa_alpha0.07784820552782458_epsilon0.1832625548494127_epsilon_decay0.9817944966159636_seed50","sarsa","0.07784820552782458","0.1832625548494127","0.9817944966159636","50","-161"
"sarsa_alpha0.7561874384123511_epsilon0.04165750605434759_epsilon_decay0.9729981547805092_seed10","sarsa","0.7561874384123511","0.04165750605434759","0.9729981547805092","10","-253"
"sarsa_alpha0.4408592941785476_epsilon0.11466522369366253_epsilon_decay0.9155803077077478_seed50","sarsa","0.4408592941785476","0.11466522369366253","0.9155803077077478","50","-245"
"sarsa_alpha0.12939734529805164_epsilon0.10199030616272932_epsilon_decay0.9525500004851208_seed30","sarsa","0.12939734529805164","0.10199030616272932","0.9525500004851208","30","-199"
"sarsa_alpha0.09338390580968792_epsilon0.16162797467230583_epsilon_decay0.9834010608149958_seed50","sarsa","0.09338390580968792","0.16162797467230583","0.9834010608149958","50","-152"
"sarsa_alpha0.04275263584883004_epsilon0.06309049110667206_epsilon_decay0.940175852242334_seed30","sarsa","0.04275263584883004","0.06309049110667206","0.940175852242334","30","-179"
"sarsa_alpha0.14219950365919212_epsilon0.037973173914655496_epsilon_decay0.951079679095015_seed40","sarsa","0.14219950365919212","0.037973173914655496","0.951079679095015","40","-242"
"sarsa_alpha0.046498710701548034_epsilon0.030997703458322236_epsilon_decay0.9007036792759389_seed30","sarsa","0.046498710701548034","0.030997703458322236","0.9007036792759389","30","-200"
"sarsa_alpha0.19152855362166932_epsilon0.09419872226614565_epsilon_decay0.9414084913394246_seed50","sarsa","0.19152855362166932","0.09419872226614565","0.9414084913394246","50","-206"
"sarsa_alpha0.011276502761716784_epsilon0.04629199416725051_epsilon_decay0.931398979569358_seed20","sarsa","0.011276502761716784","0.04629199416725051","0.931398979569358","20","-178"
"sarsa_alpha0.041805790662167656_epsilon0.1383468422265537_epsilon_decay0.9156662058729008_seed20","sarsa","0.041805790662167656","0.1383468422265537","0.9156662058729008","20","-185"
"sarsa_alpha0.6155776109716589_epsilon0.03510985870228905_epsilon_decay0.9642159625254774_seed30","sarsa","0.6155776109716589","0.03510985870228905","0.9642159625254774","30","-198"
"sarsa_alpha0.2373445843258821_epsilon0.10087068589761831_epsilon_decay0.9600215637289076_seed10","sarsa","0.2373445843258821","0.10087068589761831","0.9600215637289076","10","-216"
"sarsa_alpha0.1414271431623855_epsilon0.18708848945928133_epsilon_decay0.9891290622512604_seed50","sarsa","0.1414271431623855","0.18708848945928133","0.9891290622512604","50","-147"
"sarsa_alpha0.5662145650320672_epsilon0.03629833145606886_epsilon_decay0.9191416511409644_seed20","sarsa","0.5662145650320672","0.03629833145606886","0.9191416511409644","20","-201"
"sarsa_alpha0.4863237741302691_epsilon0.15260691087772463_epsilon_decay0.9112933638954274_seed20","sarsa","0.4863237741302691","0.15260691087772463","0.9112933638954274","20","-243"
"sarsa_alpha0.09975015628960224_epsilon0.1158539415907434_epsilon_decay0.9729966821312412_seed50","sarsa","0.09975015628960224","0.1158539415907434","0.9729966821312412","50","-224"
"sarsa_alpha0.11741553155236016_epsilon0.01466840081885341_epsilon_decay0.9044104536934398_seed40","sarsa","0.11741553155236016","0.01466840081885341","0.9044104536934398","40","-154"
"sarsa_alpha0.03751050514382239_epsilon0.06880049206369526_epsilon_decay0.9429493470731736_seed30","sarsa","0.03751050514382239","0.06880049206369526","0.9429493470731736","30","-156"
"sarsa_alpha0.04865873499156725_epsilon0.018159323336438465_epsilon_decay0.917343964428256_seed30","sarsa","0.04865873499156725","0.018159323336438465","0.917343964428256","30","-168"
"sarsa_alpha0.05869111550153897_epsilon0.13397920912048214_epsilon_decay0.9674959504111376_seed50","sarsa","0.05869111550153897","0.13397920912048214","0.9674959504111376","50","-142"
"sarsa_alpha0.054578868763658195_epsilon0.047726926950464314_epsilon_decay0.9377876709237664_seed30","sarsa","0.054578868763658195","0.047726926950464314","0.9377876709237664","30","-129"
"sarsa_alpha0.029596011599913652_epsilon0.02112877478493356_epsilon_decay0.9273689510443738_seed40","sarsa","0.029596011599913652","0.02112877478493356","0.9273689510443738","40","-500"
"sarsa_alpha0.04870889490850612_epsilon0.02273746284360101_epsilon_decay0.9120209561804076_seed30","sarsa","0.04870889490850612","0.02273746284360101","0.9120209561804076","30","-115"
"sarsa_alpha0.01423540695885648_epsilon0.1413036209055578_epsilon_decay0.967132762876618_seed50","sarsa","0.01423540695885648","0.1413036209055578","0.967132762876618","50","-161"
"sarsa_alpha0.014804431403178116_epsilon0.057178251245565005_epsilon_decay0.9112273507154712_seed10","sarsa","0.014804431403178116","0.057178251245565005","0.9112273507154712","10","-246"
"sarsa_alpha0.05946229758631346_epsilon0.025403723752520153_epsilon_decay0.904314467752895_seed20","sarsa","0.05946229758631346","0.025403723752520153","0.904314467752895","20","-169"
"sarsa_alpha0.06934137989748455_epsilon0.07626482753242149_epsilon_decay0.9476726848474036_seed50","sarsa","0.06934137989748455","0.07626482753242149","0.9476726848474036","50","-148"
"sarsa_alpha0.0690917100036747_epsilon0.05333329216498516_epsilon_decay0.9174076889844852_seed30","sarsa","0.0690917100036747","0.05333329216498516","0.9174076889844852","30","-176"
"sarsa_alpha0.08746026553141452_epsilon0.022239881005924993_epsilon_decay0.9417507439344353_seed30","sarsa","0.08746026553141452","0.022239881005924993","0.9417507439344353","30","-183"
"sarsa_alpha0.043749417713515246_epsilon0.03308902017982949_epsilon_decay0.9408506874806288_seed40","sarsa","0.043749417713515246","0.03308902017982949","0.9408506874806288","40","-201"
"sarsa_alpha0.022699397637727874_epsilon0.05661304891132577_epsilon_decay0.91421068161413_seed30","sarsa","0.022699397637727874","0.05661304891132577","0.91421068161413","30","-162"
"sarsa_alpha0.07233304050545801_epsilon0.06524894187099055_epsilon_decay0.9183869412339106_seed20","sarsa","0.07233304050545801","0.06524894187099055","0.9183869412339106","20","-178"
"sarsa_alpha0.04233759456755036_epsilon0.17473432861022056_epsilon_decay0.9818942869560114_seed50","sarsa","0.04233759456755036","0.17473432861022056","0.9818942869560114","50","-169"
"sarsa_alpha0.08540681017550222_epsilon0.13222237109007143_epsilon_decay0.9771104432785274_seed50","sarsa","0.08540681017550222","0.13222237109007143","0.9771104432785274","50","-153"
"sarsa_alpha0.12215037715124216_epsilon0.04281857096240871_epsilon_decay0.9155882068322744_seed20","sarsa","0.12215037715124216","0.04281857096240871","0.9155882068322744","20","-178"
"sarsa_alpha0.037971612853377176_epsilon0.04761932409462427_epsilon_decay0.9084482995213378_seed20","sarsa","0.037971612853377176","0.04761932409462427","0.9084482995213378","20","-124"
"sarsa_alpha0.17280864658042594_epsilon0.05617299696335453_epsilon_decay0.9310854832541502_seed30","sarsa","0.17280864658042594","0.05617299696335453","0.9310854832541502","30","-219"
"sarsa_alpha0.06126286407658509_epsilon0.1154819392881769_epsilon_decay0.9840158362700908_seed50","sarsa","0.06126286407658509","0.1154819392881769","0.9840158362700908","50","-149"
"sarsa_alpha0.06836958753176686_epsilon0.04190786425138355_epsilon_decay0.9370814383426213_seed30","sarsa","0.06836958753176686","0.04190786425138355","0.9370814383426213","30","-137"
"sarsa_alpha0.03830077762684225_epsilon0.052184677379090966_epsilon_decay0.9220672244185438_seed20","sarsa","0.03830077762684225","0.052184677379090966","0.9220672244185438","20","-111"
"sarsa_alpha0.13006555779447934_epsilon0.14865215831080417_epsilon_decay0.9693221562952868_seed50","sarsa","0.13006555779447934","0.14865215831080417","0.9693221562952868","50","-227"
"sarsa_alpha0.03714610056599702_epsilon0.12271802642329994_epsilon_decay0.946405007924736_seed50","sarsa","0.03714610056599702","0.12271802642329994","0.946405007924736","50","-144"
"sarsa_alpha0.13936525080685658_epsilon0.08247504395591146_epsilon_decay0.962778787275538_seed50","sarsa","0.13936525080685658","0.08247504395591146","0.962778787275538","50","-211"
"sarsa_alpha0.06943637163760602_epsilon0.04132219781007002_epsilon_decay0.9416413873334348_seed50","sarsa","0.06943637163760602","0.04132219781007002","0.9416413873334348","50","-215"
"sarsa_alpha0.1723764216498928_epsilon0.15745961823703372_epsilon_decay0.9847655150001332_seed50","sarsa","0.1723764216498928","0.15745961823703372","0.9847655150001332","50","-158"
"sarsa_alpha0.02132413478176768_epsilon0.13011228025215246_epsilon_decay0.9367703760808233_seed50","sarsa","0.02132413478176768","0.13011228025215246","0.9367703760808233","50","-153"
"sarsa_alpha0.02247419733644644_epsilon0.0823596648200662_epsilon_decay0.950707647614784_seed40","sarsa","0.02247419733644644","0.0823596648200662","0.950707647614784","40","-160"
"sarsa_alpha0.022710940170822036_epsilon0.1634668135990455_epsilon_decay0.9769197295749884_seed50","sarsa","0.022710940170822036","0.1634668135990455","0.9769197295749884","50","-150"
"sarsa_alpha0.06905351457513814_epsilon0.07714371513742035_epsilon_decay0.9427006487917324_seed50","sarsa","0.06905351457513814","0.07714371513742035","0.9427006487917324","50","-146"
"sarsa_alpha0.12260194453183426_epsilon0.13495005928237633_epsilon_decay0.959622819513596_seed50","sarsa","0.12260194453183426","0.13495005928237633","0.959622819513596","50","-221"
"sarsa_alpha0.03892097402736147_epsilon0.05605617422926174_epsilon_decay0.9442880991852488_seed20","sarsa","0.03892097402736147","0.05605617422926174","0.9442880991852488","20","-176"
"sarsa_alpha0.033325561837084273_epsilon0.0861988107814989_epsilon_decay0.9435169266306188_seed20","sarsa","0.033325561837084273","0.0861988107814989","0.9435169266306188","20","-181"
"sarsa_alpha0.2243266746853586_epsilon0.11385906178006282_epsilon_decay0.9515062841787376_seed50","sarsa","0.2243266746853586","0.11385906178006282","0.9515062841787376","50","-163"
"sarsa_alpha0.15860060600198733_epsilon0.0732215178710931_epsilon_decay0.9509657706030392_seed50","sarsa","0.15860060600198733","0.0732215178710931","0.9509657706030392","50","-152"
"sarsa_alpha0.09243682898464994_epsilon0.1868643471764676_epsilon_decay0.9385329236577432_seed50","sarsa","0.09243682898464994","0.1868643471764676","0.9385329236577432","50","-228"
"sarsa_alpha0.8556004991653111_epsilon0.04065888559906236_epsilon_decay0.9208454341024622_seed50","sarsa","0.8556004991653111","0.04065888559906236","0.9208454341024622","50","-500"
"sarsa_alpha0.27416636533601896_epsilon0.04220163929803411_epsilon_decay0.9115137114817806_seed10","sarsa","0.27416636533601896","0.04220163929803411","0.9115137114817806","10","-179"
"sarsa_alpha0.9541950618158568_epsilon0.052684841589660435_epsilon_decay0.9725556425536548_seed30","sarsa","0.9541950618158568","0.052684841589660435","0.9725556425536548","30","-500"
"sarsa_alpha0.6747896423991365_epsilon0.10119725240171208_epsilon_decay0.9172832869831348_seed20","sarsa","0.6747896423991365","0.10119725240171208","0.9172832869831348","20","-500"
"sarsa_alpha0.6644029389153766_epsilon0.06678936808098475_epsilon_decay0.9174100077749652_seed50","sarsa","0.6644029389153766","0.06678936808098475","0.9174100077749652","50","-309"
"sarsa_alpha0.8457625320054116_epsilon0.19517030372287633_epsilon_decay0.933817429986953_seed20","sarsa","0.8457625320054116","0.19517030372287633","0.933817429986953","20","-500"
"sarsa_alpha0.023550473355258_epsilon0.09110563043428986_epsilon_decay0.94733535891152_seed40","sarsa","0.023550473355258","0.09110563043428986","0.94733535891152","40","-157"
"sarsa_alpha0.020816488355095197_epsilon0.06773950971685966_epsilon_decay0.94868767823034_seed10","sarsa","0.020816488355095197","0.06773950971685966","0.94868767823034","10","-162"
"sarsa_alpha0.3654388346017847_epsilon0.032432202808210436_epsilon_decay0.914766080816518_seed20","sarsa","0.3654388346017847","0.032432202808210436","0.914766080816518","20","-254"
"sarsa_alpha0.8282909161233445_epsilon0.02621088022228688_epsilon_decay0.9749986285854766_seed50","sarsa","0.8282909161233445","0.02621088022228688","0.9749986285854766","50","-331"
"sarsa_alpha0.8072696953499284_epsilon0.08862739210222657_epsilon_decay0.9893886893467104_seed40","sarsa","0.8072696953499284","0.08862739210222657","0.9893886893467104","40","-387"
"sarsa_alpha0.5817866984484623_epsilon0.03022475998128416_epsilon_decay0.9519375158960364_seed20","sarsa","0.5817866984484623","0.03022475998128416","0.9519375158960364","20","-245"
"sarsa_alpha0.12641831215660013_epsilon0.1044688906851624_epsilon_decay0.933231074688834_seed50","sarsa","0.12641831215660013","0.1044688906851624","0.933231074688834","50","-152"
"sarsa_alpha0.5873351575428284_epsilon0.08323558504822177_epsilon_decay0.9327802900266172_seed40","sarsa","0.5873351575428284","0.08323558504822177","0.9327802900266172","40","-319"
"sarsa_alpha0.3785662030078578_epsilon0.18999262243168777_epsilon_decay0.9200335807122328_seed10","sarsa","0.3785662030078578","0.18999262243168777","0.9200335807122328","10","-339"
"sarsa_alpha0.816621024608559_epsilon0.04394357697848483_epsilon_decay0.9451427263543468_seed40","sarsa","0.816621024608559","0.04394357697848483","0.9451427263543468","40","-397"
"sarsa_alpha0.19663688907443_epsilon0.17608084613605782_epsilon_decay0.9634202323631506_seed50","sarsa","0.19663688907443","0.17608084613605782","0.9634202323631506","50","-178"
"sarsa_alpha0.6411458775963412_epsilon0.03771970132167382_epsilon_decay0.9008083972893752_seed10","sarsa","0.6411458775963412","0.03771970132167382","0.9008083972893752","10","-334"
"sarsa_alpha0.5361034159633835_epsilon0.012005949421422262_epsilon_decay0.9404957591957248_seed20","sarsa","0.5361034159633835","0.012005949421422262","0.9404957591957248","20","-194"
"sarsa_alpha0.6073573942899898_epsilon0.16248855355997602_epsilon_decay0.986037913148582_seed20","sarsa","0.6073573942899898","0.16248855355997602","0.986037913148582","20","-500"
"sarsa_alpha0.21968255911083592_epsilon0.14265565869207117_epsilon_decay0.97047608728978_seed30","sarsa","0.21968255911083592","0.14265565869207117","0.97047608728978","30","-193"
"sarsa_alpha0.12270448215964432_epsilon0.1841713454716823_epsilon_decay0.909657476794562_seed30","sarsa","0.12270448215964432","0.1841713454716823","0.909657476794562","30","-192"
"sarsa_alpha0.5113392901389072_epsilon0.06070213306005967_epsilon_decay0.916954811722996_seed40","sarsa","0.5113392901389072","0.06070213306005967","0.916954811722996","40","-239"
"sarsa_alpha0.3355032088006675_epsilon0.09385827711430755_epsilon_decay0.9170011937485808_seed30","sarsa","0.3355032088006675","0.09385827711430755","0.9170011937485808","30","-246"
"sarsa_alpha0.014405729433856457_epsilon0.12308096846767216_epsilon_decay0.9021987220340888_seed30","sarsa","0.014405729433856457","0.12308096846767216","0.9021987220340888","30","-196"
"sarsa_alpha0.6044766347568938_epsilon0.05499842844236581_epsilon_decay0.9402668554642856_seed50","sarsa","0.6044766347568938","0.05499842844236581","0.9402668554642856","50","-248"
"sarsa_alpha0.21844452477009776_epsilon0.07129780265582934_epsilon_decay0.969377025264901_seed50","sarsa","0.21844452477009776","0.07129780265582934","0.969377025264901","50","-219"
"sarsa_alpha0.40583546121623326_epsilon0.16667555127190842_epsilon_decay0.9860647338628576_seed10","sarsa","0.40583546121623326","0.16667555127190842","0.9860647338628576","10","-247"
"sarsa_alpha0.9133990252291464_epsilon0.1450035490008526_epsilon_decay0.9374885235892848_seed40","sarsa","0.9133990252291464","0.1450035490008526","0.9374885235892848","40","-500"
"sarsa_alpha0.08036346683951541_epsilon0.145136000362169_epsilon_decay0.9748493811599476_seed40","sarsa","0.08036346683951541","0.145136000362169","0.9748493811599476","40","-154"
"sarsa_alpha0.030261900903086253_epsilon0.03637074099457533_epsilon_decay0.9599267706485838_seed40","sarsa","0.030261900903086253","0.03637074099457533","0.9599267706485838","40","-159"
"sarsa_alpha0.09480532776366546_epsilon0.11045889527025772_epsilon_decay0.9453308545484757_seed30","sarsa","0.09480532776366546","0.11045889527025772","0.9453308545484757","30","-183"
"sarsa_alpha0.7298930194797931_epsilon0.14473882784801922_epsilon_decay0.9086153925259912_seed50","sarsa","0.7298930194797931","0.14473882784801922","0.9086153925259912","50","-500"
"sarsa_alpha0.20742985266751857_epsilon0.16748915937929787_epsilon_decay0.918620198755438_seed30","sarsa","0.20742985266751857","0.16748915937929787","0.918620198755438","30","-202"
"sarsa_alpha0.3355528460494089_epsilon0.021009627472159793_epsilon_decay0.9769180778499116_seed50","sarsa","0.3355528460494089","0.021009627472159793","0.9769180778499116","50","-218"
"sarsa_alpha0.0821462646919324_epsilon0.12211557960043144_epsilon_decay0.9741117053993298_seed40","sarsa","0.0821462646919324","0.12211557960043144","0.9741117053993298","40","-212"
"sarsa_alpha0.4142242737467117_epsilon0.06367401892032698_epsilon_decay0.9695848388921084_seed40","sarsa","0.4142242737467117","0.06367401892032698","0.9695848388921084","40","-298"
"sarsa_alpha0.40063024648655365_epsilon0.08677434883959996_epsilon_decay0.9196717457978548_seed50","sarsa","0.40063024648655365","0.08677434883959996","0.9196717457978548","50","-228"
"sarsa_alpha0.5004388973496675_epsilon0.0798479000292168_epsilon_decay0.9656774839487628_seed40","sarsa","0.5004388973496675","0.0798479000292168","0.9656774839487628","40","-315"
"sarsa_alpha0.761563041408667_epsilon0.02691010997167416_epsilon_decay0.9283035156333428_seed20","sarsa","0.761563041408667","0.02691010997167416","0.9283035156333428","20","-314"
"sarsa_alpha0.8593572748117516_epsilon0.13873848905731576_epsilon_decay0.9825961124938568_seed40","sarsa","0.8593572748117516","0.13873848905731576","0.9825961124938568","40","-500"
"sarsa_alpha0.14945906803428655_epsilon0.04224321696088767_epsilon_decay0.90311198387528_seed30","sarsa","0.14945906803428655","0.04224321696088767","0.90311198387528","30","-182"
"sarsa_alpha0.06322660643989278_epsilon0.12527962774090382_epsilon_decay0.9603064453819948_seed50","sarsa","0.06322660643989278","0.12527962774090382","0.9603064453819948","50","-214"
"sarsa_alpha0.06574874522766497_epsilon0.12594426693104657_epsilon_decay0.9616440107679886_seed50","sarsa","0.06574874522766497","0.12594426693104657","0.9616440107679886","50","-143"
"sarsa_alpha0.15758097788852823_epsilon0.130970132713551_epsilon_decay0.9647233822873365_seed50","sarsa","0.15758097788852823","0.130970132713551","0.9647233822873365","50","-149"
"sarsa_alpha0.10209862649359588_epsilon0.09270207494541384_epsilon_decay0.938592705906503_seed40","sarsa","0.10209862649359588","0.09270207494541384","0.938592705906503","40","-205"
"sarsa_alpha0.0947303909766494_epsilon0.111617484120599_epsilon_decay0.9535448672337756_seed50","sarsa","0.0947303909766494","0.111617484120599","0.9535448672337756","50","-155"
"sarsa_alpha0.07245384225869882_epsilon0.1202864952086307_epsilon_decay0.9332220562036802_seed50","sarsa","0.07245384225869882","0.1202864952086307","0.9332220562036802","50","-155"
"sarsa_alpha0.05966046234088715_epsilon0.1388785766155542_epsilon_decay0.9453126824333398_seed50","sarsa","0.05966046234088715","0.1388785766155542","0.9453126824333398","50","-154"
"sarsa_alpha0.03971171163137152_epsilon0.1572438599944652_epsilon_decay0.93383779271665_seed50","sarsa","0.03971171163137152","0.1572438599944652","0.93383779271665","50","-146"
"sarsa_alpha0.20605909857761903_epsilon0.12405854143453482_epsilon_decay0.925966838683964_seed30","sarsa","0.20605909857761903","0.12405854143453482","0.925966838683964","30","-203"
"sarsa_alpha0.1327698499637865_epsilon0.18336615599301348_epsilon_decay0.916048446931772_seed30","sarsa","0.1327698499637865","0.18336615599301348","0.916048446931772","30","-186"
"sarsa_alpha0.02379876508558651_epsilon0.17421170428627022_epsilon_decay0.9159761040952288_seed40","sarsa","0.02379876508558651","0.17421170428627022","0.9159761040952288","40","-236"
"sarsa_alpha0.11804438909709011_epsilon0.19155080593271645_epsilon_decay0.9208280202310372_seed50","sarsa","0.11804438909709011","0.19155080593271645","0.9208280202310372","50","-244"
"sarsa_alpha0.08529118395850516_epsilon0.19782859180459805_epsilon_decay0.9224423843846044_seed50","sarsa","0.08529118395850516","0.19782859180459805","0.9224423843846044","50","-153"
"sarsa_alpha0.03049022445399481_epsilon0.18646915852978457_epsilon_decay0.9361977873916132_seed40","sarsa","0.03049022445399481","0.18646915852978457","0.9361977873916132","40","-221"
"sarsa_alpha0.03250168725686536_epsilon0.19383249375834016_epsilon_decay0.9210225340190182_seed50","sarsa","0.03250168725686536","0.19383249375834016","0.9210225340190182","50","-154"
"sarsa_alpha0.021007966038278827_epsilon0.16911288671124236_epsilon_decay0.9100673751629118_seed50","sarsa","0.021007966038278827","0.16911288671124236","0.9100673751629118","50","-223"
"sarsa_alpha0.0197318286336952_epsilon0.1736919960845199_epsilon_decay0.921287840720566_seed50","sarsa","0.0197318286336952","0.1736919960845199","0.921287840720566","50","-159"
"sarsa_alpha0.01403083092963726_epsilon0.19739079520665528_epsilon_decay0.9057538738359352_seed50","sarsa","0.01403083092963726","0.19739079520665528","0.9057538738359352","50","-156"
"sarsa_alpha0.16806740856257127_epsilon0.1930513286105043_epsilon_decay0.9012937627523376_seed20","sarsa","0.16806740856257127","0.1930513286105043","0.9012937627523376","20","-263"
"sarsa_alpha0.04744034926094816_epsilon0.17901279002927462_epsilon_decay0.9225085343235712_seed30","sarsa","0.04744034926094816","0.17901279002927462","0.9225085343235712","30","-176"
"sarsa_alpha0.14745651701976673_epsilon0.17414236856793738_epsilon_decay0.9122941197104728_seed30","sarsa","0.14745651701976673","0.17414236856793738","0.9122941197104728","30","-174"
"sarsa_alpha0.13212528669036866_epsilon0.18998641778141048_epsilon_decay0.9459964735377956_seed10","sarsa","0.13212528669036866","0.18998641778141048","0.9459964735377956","10","-236"
"sarsa_alpha0.31674731967789077_epsilon0.1991563786767547_epsilon_decay0.9499258810103898_seed30","sarsa","0.31674731967789077","0.1991563786767547","0.9499258810103898","30","-261"
"sarsa_alpha0.6450977066829573_epsilon0.04743595899886603_epsilon_decay0.956338614749218_seed10","sarsa","0.6450977066829573","0.04743595899886603","0.956338614749218","10","-500"
"sarsa_alpha0.8677667204314388_epsilon0.09447138745866213_epsilon_decay0.9276048988966512_seed40","sarsa","0.8677667204314388","0.09447138745866213","0.9276048988966512","40","-500"
"sarsa_alpha0.2127503583185392_epsilon0.18919155427675713_epsilon_decay0.9430711477356818_seed20","sarsa","0.2127503583185392","0.18919155427675713","0.9430711477356818","20","-202"